objective,nll,closed_loop_loss,tracking_rank,seed,restart,near_optimal,S_theta,S_v,xi_i,S_d,gamma,w_x,w_y,w_c,w_ell,beta,sigma_long,sigma_lat
2.381699755158386,4.756317235264513,1.4345124760763792,29.708,7,0,True,3.5274665519569672,0.31967847101319097,1.4504260526098358,0.6241733597781577,3.3067241803083895,9.845290123716634,1.4983672992686201,51.79982968307217,11.130835326767006,5.493529299760701,4.233928305278958,0.4926770676003634
2.396229158379322,4.187836689688388,1.5131518386168326,29.2505,8,1,True,3.9884136871337743,2.5163267863719776,4.5801787948880355,1.5290313235065804,0.7975304781794939,0.5597151390750531,5.853990252265676,2.0123681912448554,2.4387827260976906,9.0524372454881,3.695703917237757,1.0110400152401995
2.4148343545960205,4.3538124103979206,1.5100324786355934,29.5735,8,1,True,2.066240264373873,8.142858592990642,3.127593440666744,4.472191519609169,5.943617055995721,0.5000093870306613,6.196379004253882,11.55580514382481,10.245055202344819,6.3536736037113855,2.6567573267119124,1.7856824838664256
2.4302058424381006,5.1286817731278225,1.4543932206808738,29.1655,8,1,True,3.096111665959403,5.3268146181341205,4.005933725906769,3.7485806897139877,3.9856984273261307,8.93430034235389,1.2181184363262956,69.80124674327936,15.148449088803801,8.989955395991549,2.9935443054500213,1.0785760114298906
2.4311527529113715,4.393641243202042,1.5260267238292624,29.343,9,2,True,6.257895911281705,6.644977899811168,2.1437726588036137,8.827183810326042,0.9779392374437291,3.391777748159643,4.146208593670092,8.11565982910728,4.413747262103831,3.80428021080683,3.0366281380438744,1.7834090822025175
2.4348798244647853,4.769742231779627,1.4941198870011083,29.2185,9,2,True,1.9271183207173825,0.9974250835331415,4.7529570783831305,10.923385692364834,2.017929254246964,0.8150244594836998,1.0002672637487389,72.08510851673962,2.895923826527006,1.393314759861327,2.277030442390271,0.5705708983053905
2.439306582459298,5.450039436011061,1.4308026388581916,29.2005,9,2,True,4.320848701518777,3.3855057708576872,4.029111096106993,11.865150227047728,8.286084246349048,5.620770923673104,9.69508213800324,77.19946573555701,22.076025789663394,7.409318565289118,3.3401842934757364,2.0078032867925755
2.4403697987085398,4.498050080127739,1.5251997113306865,29.318,8,1,True,8.381630744166115,4.848319112897604,3.6579678726723794,5.6480806134428905,3.919671852738895,8.172595666882925,1.611135062276518,0.5003686127589874,2.2655246291716007,1.7360973037927723,2.5142882242434768,0.37928522881825266
2.445344459969116,4.536169672453793,1.5253147943110383,29.384,8,1,True,2.495599837547137,5.639777200081885,3.5910746045868533,0.7703997377707089,2.4217243339045744,2.3570542594821986,1.0467810554557464,44.28348377640384,7.694990090584716,1.265745060231886,3.326461996262019,1.028336566114399
2.4503350566529423,4.661408756864634,1.5179164031887011,29.3755,8,1,True,7.281372217872503,5.973176515953943,1.6250712102485243,5.282349063796103,6.47936851790927,8.133309092352237,2.5457283637204413,22.233639579964933,8.327903645323177,7.106252028220122,3.7228353063636157,0.8669643744914313
2.4531242074921895,4.754596470149832,1.5086486874613334,29.548,8,1,True,2.068991153150605,9.183610069292948,4.034059049171258,8.035344801734293,7.998495605382189,1.9659901900802206,5.042190026799616,32.033251055424664,16.68172032476568,7.457976088756186,4.464690859577079,2.3420344056612477
2.4546323954528275,4.6828401945012015,1.5101896458439774,29.998,8,1,True,0.4928884351586839,7.96464063866733,2.1707286767414153,8.283720999310951,3.4765038294664703,8.322957599733051,8.742816072753945,61.60044662906375,3.0474188812883947,8.396186980107016,3.904544537467841,1.4809630640507643
2.455084472852353,5.07274136190779,1.4803024001536378,29.453,9,2,True,2.7866567345377526,1.2159455564811714,2.4694452410907513,3.6420168745116137,5.562425255263925,2.396447072950204,6.052515807063327,27.971191750919004,32.852698570805146,4.910034749163039,2.0438588158152236,1.271175652050276
2.456744466280178,4.65369132204808,1.5275499372499732,29.221,7,0,True,4.126470498240887,2.7235789264959447,4.715443294665738,11.318306128956996,0.5631913055064932,4.852674745711861,2.4537915457856645,7.129187619160542,24.11660796107101,3.3676684182345245,0.4575519115680807,0.48902588586409995
2.4572858659560066,4.758829827063725,1.5141885975353486,29.4345,7,0,True,5.111740700657028,1.7435608796442832,3.323352430953491,8.776259086584435,6.0738185668490585,0.554206102097484,0.4636231612927524,4.075050676689339,25.31561873170246,4.076801492063156,3.320053021799204,1.2084375294259742
2.466288337606747,4.7249861037263425,1.5245913145357002,29.5595,8,1,True,4.665429213914258,8.975828952575187,2.1411708231274575,8.943792491424198,2.444087508740117,6.402656498852982,1.8397312883856427,25.247985168321353,18.96665646199215,2.6220705965405595,0.7519675170014799,0.40578132783480336
2.4703828157309453,5.341191729672861,1.4691049126049287,29.431,7,0,True,1.400359324585623,1.4234769861866023,1.77751350880176,3.435810294031112,9.62092182130648,0.35533379669506926,1.9190172709835112,118.59226280815155,4.620326281271957,1.6588279153782337,2.453414136549148,0.5747216348010495
2.4722335593739837,4.953854791703545,1.5010623659179148,29.9745,9,2,True,1.0903832972592495,9.845016313189642,2.9409031690411744,10.974132991090238,7.220298996122489,6.439645459472017,2.915083274114156,59.586780951969295,13.804426866014998,7.477341308044464,1.7170685737988955,1.14827576625935
2.473350016212315,4.820059775872347,1.5251773719584136,29.3685,9,2,True,2.2519156158927087,6.865684636848236,4.23534058115054,0.8588870317456293,6.2713821030170305,0.25549551500747897,8.737652965808799,28.794551294192658,28.003797975324275,2.3125210610239897,1.4969179683108482,0.7050251340658475
2.4771161853173145,5.045782946278818,1.5066172557687978,29.353,9,2,True,9.952205216651427,9.004693525711573,2.2839689723827385,2.9395325057204875,9.343886913299043,1.3076555470320868,0.9396841556771847,47.08341163594817,2.3201265316577895,6.584243816547923,3.335434434049778,0.4347714450506299
2.4772401518588705,4.848039305566449,1.5206187609847654,29.7245,8,1,True,1.663487265880137,3.031239914695396,1.2862646070169956,9.857627636284356,9.085081175264488,8.833085044678487,5.637645014994268,35.80010655809427,27.650451112661305,2.3332249988741203,1.2943857210403789,1.6780221206123607
2.478054769089807,4.900133354360598,1.5253588939712077,29.149,9,2,True,4.572483843543158,6.376516846862685,4.790073653837609,6.294456455336262,0.23110787727049925,8.28647913901043,9.702353554596227,17.666308565370016,29.756526911889146,3.1775901124115253,1.9883601310833245,1.3985138416064997
2.478060943858712,5.221751572186963,1.4924413421955711,29.197,8,1,True,2.4909630013783026,7.385625413246323,4.727681962831989,9.743242458306584,7.318740388036911,0.7713866195127006,6.193704185035409,81.25212928123268,18.038721768641814,3.290108081557137,3.9063205165338277,1.8677160763871605
2.479258587933448,5.216238168616655,1.4880950885320996,29.581,8,1,True,5.727036706195649,9.24078908148963,2.1260570086183144,1.1791616426529525,5.771420043988219,1.9281021520147235,2.319560512353617,51.71295375989188,25.47722107903841,2.7858615378131084,2.669941949204822,0.544431976211358
2.4796560940736017,5.658490121200008,1.447449939096458,29.3805,8,1,True,1.8790550581835301,0.6692801654568381,2.130330440160778,0.9716913290522431,3.9435010180751733,8.149173938768504,1.7421840131750308,88.33392385233293,25.460674169828373,9.591283741757326,3.773577355047671,1.2421081717897282
2.484571370720798,5.170964663765868,1.5017844281537347,29.3385,9,2,True,4.249431223377458,2.3819322692618052,3.806062160486342,8.39373535536526,7.628614026370166,5.547779753257527,7.719929540906322,58.07741692872577,22.273381763058236,5.675202113711633,0.6694333776090848,0.7875194100018736
2.48987136911649,5.462903719329024,1.4736127432153339,29.608,9,2,True,1.9667389289385777,4.545279961986046,1.8669982871278858,4.139370935258127,9.215046094735186,3.5764775963329356,4.098164258829273,101.0673492804292,16.023823757843623,7.084755502890809,4.61451704872289,1.1065855626405234
2.494472211019885,5.181109198833153,1.503924783200062,29.7635,8,1,True,0.906991963393847,2.788141836223643,1.3859427553791062,5.297587240830561,7.71268887520301,9.560908112394012,5.118295384558553,18.569359937379964,33.88712042725032,8.90506027656594,0.605836340922993,1.8367637078755634
2.4971265180889155,5.495776066120534,1.4821679590959098,29.319,7,0,True,4.139582216812213,7.454035208205911,4.408914787281243,2.4069899787085496,9.697713206489777,1.1039675613510043,6.611407896457161,53.75834869474339,41.261467870079095,2.397951091763594,4.727918296814968,0.49503192104095356
2.499740134315456,4.908243953866129,1.5415268500399544,29.4455,9,2,True,4.961864095089891,2.323579611589319,3.025447698309647,7.510714261364869,6.540847546224051,7.077142789757047,6.487673421390466,7.47179152964896,34.39058637773275,2.168694476470293,3.7047272054762743,1.6560891973776393
2.5006306110082983,5.4829947423168255,1.4880454224909014,29.25,9,2,True,3.154056635536402,5.229624472997952,3.756212115525373,8.31527879909041,3.287950501646917,6.753851019959221,5.359953696753367,14.705457352982078,41.596732876544294,8.794252980161978,3.7794342366664866,0.4836645518498249
2.5030817454234704,5.5982134050609345,1.4769111985681709,29.38,7,0,False,4.9481474155264,2.2644363806671857,1.1094193912518477,2.649728188399044,3.282880495105903,4.449094073917441,4.526999204153086,118.54242349063344,9.955857347131783,5.487962071971568,1.5547459079225008,2.412643739866013
2.504026991039043,4.9830512745245175,1.5284917048564324,30.0655,9,2,False,0.6811291490811895,6.097152185837564,1.1778527896319038,1.6549208689008805,4.988467363419565,5.792052945811998,3.1337788694198974,85.87955927968649,5.8048220660308925,3.6193918064355413,1.363194765417695,0.8723373233043308
2.50550896048524,5.105604273656816,1.5199723426433678,29.9235,7,0,False,1.282371241581018,5.212821477161373,1.3760030112553006,1.3799968386891521,1.3072321728113954,3.0841803889371566,3.1658282594386793,19.017669696170383,33.43212023391508,7.053353119124144,3.3847068772255913,1.7474145944142236
2.506254953154371,5.9153240039521355,1.448341600378205,29.382,7,0,False,5.5884127800117795,6.121347754502189,2.4757710081791275,9.98573084971244,5.614564241225141,5.9667071432615275,2.5701922011000304,53.54992818357871,41.26332428857093,7.769317995813478,3.107680836141381,2.1143491651114217
2.507526656901901,5.531358688411972,1.489628883298799,29.28,9,2,False,7.592934621739653,5.665439540238172,3.78722490683957,10.425321734998962,0.6222502885765631,1.11963075803311,0.6307228074514007,82.01027425691426,20.447779514277407,3.138117061927414,2.21817133533319,0.42008222876838297
2.5090258368241884,5.31466035561902,1.499115356817842,30.142,8,1,False,0.47074635287737404,7.0452914133478615,2.0661053754165515,7.25289976639036,1.134183874181096,0.7911264607646128,5.747742342443173,14.09088926445004,39.21827692825082,7.931692385479797,2.3152352697923235,1.4137933854908655
2.5097082302942693,4.404719681206367,1.5856410240783945,30.4665,8,1,False,0.4050440321431823,5.147175297600181,2.465627288015767,1.1816473443705113,3.3740129191460686,7.880040914686012,9.857994897438992,13.336176159312787,20.684356101068456,0.539675851761736,1.9713104791422362,1.067421431188165
2.5099731960824254,5.799896812154299,1.4634438323273127,29.392,9,2,False,6.62474100777024,9.530597207172285,2.5069589281960294,9.256270641886546,6.1655472963896925,6.135535382295806,9.587664595581135,107.00734272721212,18.00634884813565,4.585039788630806,3.0824270227133552,1.9140073095026995
2.5102222010702833,5.481515603656593,1.4933325454665287,29.5305,8,1,False,1.861489526826419,8.13294928239467,4.011213909923027,7.344733692622961,2.4810460042132165,9.612807906493408,9.248993039339009,36.1278657691782,48.736452824216414,3.094881978668976,4.4659351809169054,2.4054941179267573
2.5111965963910508,5.136269433787259,1.5274188593615308,29.6195,9,2,False,2.7830929496449044,2.513418502137521,2.9401533147342347,0.20565176174656408,3.482098708799422,1.67413981544891,0.8957318420089964,74.54546332952177,22.911434979839225,0.6339717141518042,1.9231584826617425,2.090393839586082
2.513958680527605,5.393503729003493,1.5125686250875732,29.1085,7,0,False,2.6400453649588456,5.857233082864854,4.813704559849441,9.814726707836531,6.443190950243697,5.23630393035564,0.24980854970245908,16.72285530668942,38.81140716427581,8.908255512778437,3.5574371706607115,2.0679311561755407
2.5161222403570185,5.780816221411475,1.469334269009522,29.5285,9,2,False,3.4101114341271974,9.157505674899188,2.992485404608498,10.004558899233604,0.49287114374783647,0.2708660099071405,6.9054326107074395,80.97166355691387,38.62897684703209,3.2325650498994998,4.4193954355498715,1.1395648351356675
2.516558351357165,5.090753189681877,1.5447687466746916,29.151,7,0,False,6.884793414480071,7.048115148858738,4.965634470119211,0.3298768325570944,6.681700424837469,7.4750797892644805,7.506922097845006,18.062400013057534,25.273143069536527,7.1430744088032405,3.932169367445738,1.6070720320117393
2.517497674935977,5.589084928379549,1.490732039240879,29.475,9,2,False,8.88870757445764,4.281896161885616,1.4059846355204766,5.0919222193316545,5.50511479357486,7.793481211314909,5.989839668244451,5.267297238745351,36.595052637755735,8.458489393167959,1.953467476647611,1.3544157660028961
2.5187364981870197,6.020339503703697,1.4457739763880784,29.6685,8,1,False,1.6909589096217055,4.176310776077912,2.380685338802913,5.362780188152447,6.244862562009244,1.7326147855142509,5.19424372647096,100.26900369124384,33.55285918401618,7.6266362976056925,2.474773995962503,2.12488874684255
2.5213173321216873,5.166633352316168,1.5405587587948322,29.238,8,1,False,7.749737864714296,8.82495574488761,2.761076768757743,2.289427844401465,8.622172221110116,6.154367986946764,6.896417232300993,76.43818038402105,0.1406778616485655,4.347461486410316,4.31514769529115,1.1612021296546484
2.521805428869986,6.129399985367752,1.444167017634798,29.276,7,0,False,2.585952397158539,4.478509243532333,3.067738209936018,6.664293357290185,9.955452806000487,7.947353000216156,6.25957437146751,53.83502147191738,48.14758895396758,9.88971187534203,3.1789361400832448,0.30106661831118176
2.5220418330423073,6.031628454439722,1.4569821622015096,29.0995,9,2,False,3.6623262280694555,5.847658959152022,4.984531887089458,6.330839048344009,5.980205929892424,6.6178306438023435,1.432349813141837,105.48033745933327,31.332419622152752,6.695331869832066,2.2350399943211365,1.842529326551301
2.5228216835725314,5.522863521556943,1.5019162837977893,29.523,8,1,False,8.54766635097755,4.099351002873997,1.226745199868114,0.23561584236787103,9.110249659393284,3.6213001455359137,2.384855331321363,73.15664920344845,17.54783017101743,7.025028061089814,4.343671004322795,1.7485846581801774
2.523684009159442,5.381631560705145,1.5173621229301972,29.494,7,0,False,9.24718376391689,5.969376495098261,2.4604079196212814,4.293664024871406,6.37104905496476,8.655487223169729,3.4742305184596685,0.7075984129995636,41.327507154293066,1.915073909631408,4.3005829804788585,1.6365447418637402
2.524125051342946,5.6413644014095405,1.4950679762813572,29.29,9,2,False,6.826684038236929,3.6275792434676415,4.999916078883386,10.694414934595464,4.883597689241752,6.722132381592502,8.626077879730486,99.49331283862757,19.776405697978067,2.324860249824865,4.726273431316553,0.9417161878765807
2.52617478397035,5.504564851086548,1.5032659179093144,29.7645,8,1,False,6.3679687601529755,0.14396077380084082,4.947755925724131,9.991258324330964,8.628523293465545,8.905111053588724,8.25267022751253,79.00052925813456,20.648077231576472,6.721835570412934,1.6068163622294422,1.6370753774267408
2.527496520937838,5.43089248119484,1.516819971231052,29.458,7,0,False,5.690968399681828,1.7032184130264425,2.766347645421162,3.444142832176588,8.12209340996807,1.0360492142831603,9.915106659660418,82.79473148126068,22.776045310328943,2.3632148673046576,4.5904043145812246,2.10464936151869
2.5289544382890194,5.523118350607614,1.5091108571965122,29.4545,9,2,False,6.934381759331191,2.331462770212715,4.667245861434004,2.0553778474340496,4.216921540574512,3.2365699375161854,3.3656195534209257,23.100514884800916,36.38030048124081,8.168676114709513,1.1097832251751394,0.736151276222295
2.5299813277930685,5.616682465587253,1.5017019701232324,29.3965,8,1,False,9.917241507987796,8.3590146869191,3.189722940267069,8.291140298868209,5.971363823462444,1.2814540822653946,9.57680305497777,79.1853036647657,16.086504418559986,2.9071192798552516,2.4591519724979913,0.7886036763585211
2.530568415932011,6.0146837637108845,1.4604571824180654,29.5245,8,1,False,1.841542309136979,2.4719426917700784,1.883802106220593,11.54932794817393,5.776418131816205,0.37752887631385057,3.1293380044257737,153.11965058020755,17.57877448987563,1.6769148916170582,2.6631911375901973,2.22187826275841
2.531679908903646,6.034657709060202,1.4618173126008003,29.383,9,2,False,4.499161969742104,2.618518728462284,1.3528372097351509,7.727351828318776,4.087309971816545,8.926077536494647,9.935424574493576,129.34178115797863,19.716307525814496,8.115990947401079,4.4972552917109985,0.871039918323478
2.5331253201459156,5.6834973835002325,1.497815264335575,29.4185,7,0,False,3.8227668136064885,5.460839789956023,2.650941199559817,1.0186492502164586,8.789083421251927,6.948502781225107,9.586508225710446,70.36762072022461,40.77592706855817,3.0716634746359723,1.7368285028199903,0.9477062125426043
2.534890950420578,5.720744977119445,1.497292643184824,29.328,7,0,False,7.533772642001902,8.498142026352543,4.263861904224337,8.04473199820187,7.239180503496695,1.655556010479491,7.022606670856767,64.46635964165661,36.12751518550463,2.5520335828303895,2.165472423554877,0.24571866518507773
2.540371258382417,5.431097580907759,1.528555151085292,29.5285,7,0,False,2.8051400722630637,0.6166491921358597,1.190201504474606,3.016558497458744,2.80785094850541,2.152872865868106,0.6005374739517384,87.48830362916223,27.76958714628198,1.7120538411416726,1.270902288151145,1.2075671576855933
2.5407996547197373,5.3308952841911905,1.5355990151895071,29.743,9,2,False,8.257104912313585,5.250613623643611,1.6394442053103662,0.3457614358040192,6.016720210868167,9.139459418615319,8.718838733276717,58.5450581748259,23.43833702442127,0.7058106075751096,2.5048170469101145,1.7212341103613022
2.540961903492769,6.176018740512804,1.4555901881716469,29.4695,8,1,False,9.778076038325818,3.575260628672747,3.3325953821551293,1.8187409401266494,3.2062384835047477,4.2615323328804475,5.9610613811294195,87.35874041845344,29.780472709986995,7.74503054444773,2.0181652587584846,2.478839908773489
2.54615965779372,5.604555883936289,1.507243751939774,30.143,7,0,False,0.3227783713083018,7.35388093472339,2.9578531101900616,8.497726767138747,3.3917640401468323,3.7643658812297405,5.2161209405196765,82.10380229096866,25.850561687730337,9.097487411622446,0.4798062574052223,2.2276065891678316
2.546706889736892,6.121011438144741,1.4715739998906718,29.171,9,2,False,0.7704275096681515,0.4985214196201561,4.83502091814592,5.482700373608564,0.8053044673585881,0.1346235732297405,8.929333190694539,174.9831394635268,5.548519428094897,9.13273323623777,1.6124759578393448,0.9121562032033947
2.5474203209479858,5.799810666890568,1.5011535399732148,29.376,9,2,False,5.207181179554098,8.620713082873428,4.301807209160028,6.241283185981519,9.473455418707056,2.8156453369173864,1.0955736363499495,106.80602178810926,29.60172307659445,0.3342111579554948,4.507834551972807,0.2450532310945354
2.5480142771612613,6.041388828938547,1.4746055529975652,29.564,8,1,False,2.390352033546503,6.894740845071002,3.5747135017953706,8.931244398753854,6.94343895704841,5.405819042822651,2.5859206764087967,114.743940174941,37.44137158120325,2.207019178756632,2.6788607569137226,0.37615468666889995
2.5481560990993204,6.4488911849499235,1.435314599651947,29.481,7,0,False,5.053982297429708,6.300257163559639,1.315878514504993,2.346732166931075,1.2590097895288392,2.773093106929258,1.9392745440016483,93.34206769138578,41.755428483951555,9.363364539307762,3.432275682351586,2.437684211817201
2.5488230232460514,5.8171945890019146,1.5003416595839547,29.406,7,0,False,6.889650987174539,3.9542548206695454,3.8885810933772493,5.627438884648257,4.189887894600609,3.719966843840646,4.984720336862874,60.532664558881855,44.625150054971066,2.819009767894989,2.3690557190871755,0.874501018318663
2.551115098074216,5.2570699010419775,1.5561858857477961,29.561,9,2,False,2.701365386145618,5.562476938719482,4.657117466321084,4.018607276926689,0.13441523502458105,6.118242618974856,1.6165100626367352,65.41353789002858,33.39308620449188,0.5306330338796929,1.9658876122877669,0.6817331923897751
2.5515683776061624,6.194266370978166,1.464832216698822,29.4405,7,0,False,7.871689805381559,8.806669114941995,2.1768810717446736,4.2977356720518385,6.321389249707947,5.8707757380208765,7.799829936553564,76.24927237053171,36.38025602783429,8.0878863909457,3.784182651039996,1.7805234563244825
2.5558734163060466,5.382315372388861,1.5378799743052556,30.225,7,0,False,0.4050187737972816,5.173143761700134,2.9182034987686274,11.010154889654585,6.329339919461003,5.1897647013351875,5.019047010395692,2.95838844537104,57.801402981194656,2.482674071053035,3.552550968144644,0.6613954651700888
2.559214903256562,6.625222684690963,1.426287872882704,29.6355,9,2,False,3.206015225941167,8.544553939828916,2.2064212635043017,9.256492341074186,4.381633523304289,2.8056368469541932,5.316725343244755,191.55373923221654,13.99760439939289,5.538780689509901,4.1379473347920035,0.3467613722295384
2.559807846534095,6.291226423327393,1.4639232994394507,29.406,8,1,False,2.0192012759129296,2.947954285994072,3.0589956462102186,4.66269283286253,8.31217508246295,8.943541593073949,8.553189932365038,139.86782830275305,30.997484072203886,4.677076947963343,3.8925106429218044,2.267080604591778
2.56057966737379,5.9008889479051305,1.494022518615023,30.0175,7,0,False,0.42287107129302365,9.445584053875578,3.172806499295216,1.5521688269255283,8.223633673365004,4.3863543753259515,7.16058758939839,134.51452918301766,14.99462138317722,8.273960948472169,4.165612820204357,1.7962881468483072
2.5618364809756513,6.051537299874379,1.49266687797234,29.233,8,1,False,5.0628653285969385,3.5178857920361857,3.263491431522488,3.646023319166281,5.61325575511806,8.562624672977156,2.6536275416677575,109.76273236348982,26.363885315342593,8.738907299737413,0.3129719363528834,0.6871054428117406
2.562415247081278,6.060401607075754,1.481803657802274,29.898,8,1,False,3.577822231830159,8.021409563058066,1.5410056109918757,8.069086481595386,2.528700299838584,7.4548310973058625,3.262684030377989,120.19490557628365,34.994944466427015,0.8917914636890741,3.821569469337423,2.2966940828787754
2.5689582748072946,6.186197557727198,1.4861401063361621,29.2445,7,0,False,8.015817639752852,9.126697375009325,4.493351478779901,6.04725010880374,3.7372148765741393,4.5079939152141275,1.8462460969106418,57.72957501447842,48.668697536125975,4.964928559013853,2.088927449629244,0.3470513818145803
2.569881931107146,5.593181581477366,1.5389050428006792,29.7145,8,1,False,2.7014263403699146,1.5648025101738643,4.143492601210458,4.62908175991959,7.61627395551875,6.192182991706539,4.013609792380303,44.269984308494706,59.83503169508961,0.3584990141459259,3.8285115738419924,1.200392330911678
2.571702314891289,6.465428794197047,1.4603340386461878,29.284,9,2,False,3.053036879958847,2.305301677787787,3.13958158572515,5.442919356320665,2.1515925063766415,5.416322953262427,9.311962063367544,56.34213010888028,60.092602731912834,7.962790550714717,4.900546161254106,0.7083103686205217
2.5740055060072993,5.892025737001424,1.5119854719896966,29.7875,7,0,False,2.663607396802627,0.14243941762454299,3.180486152187811,1.130564078888517,7.508979492481882,3.4731469542848767,8.094038048760702,123.49907945107118,30.019517630632347,0.9646018974318019,3.967692585830386,1.4879611357424092
2.5754588664663967,5.527280965814814,1.5605561667103118,29.117,9,2,False,7.8313245870040085,5.423691164058452,3.505149533018012,7.130688516354541,6.395242981934852,3.296767366054842,7.233972985941096,94.31117871528056,16.49370382789838,0.15651856827973354,0.8913661007383711,2.280551870330776
2.5755311655525257,6.140481221142721,1.4963878053430155,29.301,9,2,False,2.3683314171287044,7.343104097880295,4.835538532710331,5.463263018011522,4.758158657643523,0.6587334979683506,5.0930035636571285,134.94379161664634,31.549086216234507,1.9684666179174162,1.636913767573805,2.1966261352646117
2.5759058089469185,6.124418300736018,1.4984877883971262,29.2935,9,2,False,5.3582900463786265,3.2921419754861696,1.4240518076729782,8.33476699958622,7.296354059879867,8.101915260646306,1.15869557007707,157.99941203664935,7.851184322826743,9.888012899456271,1.1844089359740235,1.579961622145286
2.576629670514537,6.48224392491653,1.4658497224673284,29.141,7,0,False,4.501398487530208,4.968659244416927,4.158917596263702,1.353089113095017,4.0290864204742975,7.827504227142803,3.4487276724538654,179.60077948899195,12.61226757125773,8.363843879345932,2.1108093023995207,1.9626456037389364
2.5767274937220637,6.410369362059175,1.4680873829129715,29.459,9,2,False,9.334090546493034,7.266815711509859,1.852232516151487,4.997319908167349,8.119602306406042,9.970226395490531,1.0802802507906164,100.43402889710403,31.306583521080913,8.3448391852468,4.309754651549964,1.0284422450383697
2.578438947835993,6.195015701767223,1.490659599881493,29.5015,8,1,False,3.719905231706003,8.452978436050731,3.040686878900182,5.10514009383481,2.2145701951211674,2.8382589560066322,6.075131887086939,47.30561861145461,51.03125234599977,9.085024939855966,1.7876225944180024,1.6317048798872216
2.578845415499137,5.636090110150895,1.5377205314681748,30.0835,9,2,False,2.3951962906921667,9.274915126591813,2.7299820508225396,10.375857339147045,9.081407624983479,6.427064002976958,8.725897026834115,59.22892528360073,48.753515337171436,1.0461161660087632,3.4808126907402617,1.9560771804669097
2.5797218016108037,6.326879437474736,1.482184651514124,29.2855,7,0,False,4.824002033042368,2.661922223897784,4.084759196245482,1.5126618715607254,0.2368073309417424,9.970098519675197,3.198422665933439,52.51968061945272,62.71874803562178,5.102800473678822,2.1908263497427747,2.016537862917342
2.5813018927661173,6.246661322080609,1.4890405224628185,29.4585,7,0,False,9.904733965412603,5.812678108826606,1.312522595455978,6.159502608035052,5.090634579614824,4.410339633952406,9.517675945239494,31.250669891666366,45.60103856000702,9.488232587031044,2.2151964471682737,2.1182608836984387
2.5813064047456846,6.0387893674851565,1.511236991806693,29.37,9,2,False,4.9256737857346575,2.530351620393902,3.272361661296797,11.575233860092245,0.6306134653976794,6.497128579599889,7.96620674666983,150.63363429923857,12.441801713660096,3.811240916698612,0.6626196384767002,0.46389084601167657
2.5817719423898766,6.070227192835357,1.508669858026976,29.363,8,1,False,4.839005686090245,4.726479615183118,2.2005942184004175,5.838542313438887,1.409487166718127,0.16274486853209483,8.21771192697758,40.86837082426863,58.45469477297324,4.908328644171681,0.7372411404029994,0.5347314444298334
2.5824908566729095,6.427222355089282,1.4733956052909654,29.3815,8,1,False,0.7597064025609902,0.7882563594560936,1.672587490168244,0.15482484387089063,6.669247455111456,6.249486497177339,9.877166406497242,12.563512480298712,67.12708627034655,9.984624877508468,1.8595547248185234,2.0995941717241067
2.5844386792525613,6.107976810031853,1.5094981411065191,29.241,9,2,False,5.422653448548704,6.1796533834620915,2.7500739382019654,6.094060070013474,6.8419700710629145,2.905885417762634,5.948498712247881,157.6063212423678,7.60900863547735,6.644066816825423,4.097928945974484,1.9226700704814181
2.5855883553747616,5.979282847138148,1.5196759436768195,29.483,9,2,False,8.812125373906301,3.3916593397503716,4.686994064059695,3.8105670723026637,4.774090378785275,2.193886855924123,2.8231585997664714,70.08174079099834,33.77107282053265,6.594620744259505,0.3233046155647999,0.8726987179493171
2.5856345341615485,6.6042614666763075,1.460208387493918,29.295,9,2,False,4.265563759264583,2.5345500409784365,3.353991824628937,7.488782630745231,4.634148182344479,4.756303862388109,8.508493098277533,166.25536424814555,23.14560289697957,7.98557552205592,1.4304800675945184,2.0452052829112546
2.585965312072852,6.485456615027826,1.4711498093002278,29.375,7,0,False,2.933850070834453,1.9822023353185767,3.4740861316990257,7.328789522481784,1.961851221982127,5.43678081093483,4.602544908315544,17.119439648497465,70.01085141462484,8.466767700899709,2.95574181712692,0.2767842566299082
2.586716051029401,6.233512720913245,1.4975076360809338,29.349,8,1,False,1.5911982524103994,0.8694471796570499,3.6013170025651924,8.83983560512293,2.3716790430650163,8.270251417676272,2.558901327059859,171.3270530070417,11.71992922280644,7.850860228877058,4.107141991006888,1.9859157969609695
2.5878619124711904,6.045381710118778,1.5150539001894714,29.501,7,0,False,0.5954515222908108,0.08718960051278325,4.735046705699386,0.9319619502894573,6.833781667908337,3.1079824585284173,2.0623853716385367,172.418482364072,5.492616847635502,2.4708951390517577,4.364641643712732,1.5059439369110816
2.5881662931739067,6.075490537904281,1.503283906050145,30.072,8,1,False,0.24022145401647638,1.994688254981665,3.368413015707996,8.206741840410281,4.330788344653411,6.465009615491062,7.880887239217161,36.45231926147205,72.85532646869316,2.9049611336193504,4.966964015646118,1.043848227058509
2.5884002884100066,6.652986120283064,1.4574032636832879,29.339,8,1,False,2.8586011126974373,8.917016583726934,4.4020576232366455,4.138371639165913,3.4685420496469153,5.936658189329491,8.064946655403267,124.00790180502001,48.88837513731136,4.447226893664671,1.833438556293126,2.4728802311688916
2.590908830251708,5.586604942132221,1.555970558260708,30.0055,9,2,False,0.6627510565331227,4.4504748167674375,3.148643324855469,8.29503166114812,6.221743436363892,0.47739906435605206,7.934264382369353,122.96874991537423,19.28475549514623,0.4138463110534565,2.3345407185022533,0.5194106575133088
2.5915696057547817,6.624818317111877,1.4622068216626416,29.4135,8,1,False,9.811238245996142,2.6258690452965405,4.828125686297726,1.8599460783043897,0.35744156693809714,1.6115172390615609,5.776076140524959,162.36134906555677,15.574994015631297,5.286185596181994,2.7751757608311203,1.9989245534865039
2.591719882773068,6.4567075341494276,1.4807951611041568,29.311,7,0,False,6.476987742107118,7.263606403170719,1.5105222034793104,2.209997051947097,3.158904441511653,2.8887082820804575,7.580350823323908,170.78182919422414,10.010631462997193,9.933244785727013,1.6986935954013365,2.04696267428225
2.5921413958824036,6.587541873613426,1.4684507005845533,29.291,9,2,False,4.891760710547694,6.248200947027851,3.6583995368151245,11.5413792539918,1.436288757882972,5.782487442226073,4.987005109456102,192.95351908332125,11.767435017077553,2.9657091534954114,3.4530686086968845,2.140250659410406
2.5926280985750867,6.590996979927799,1.4648299878838942,29.528,8,1,False,6.794243698676627,1.4196653579594778,1.8428217194113243,3.1386460245658663,7.304440873339468,3.586916185881087,5.050531647695454,142.22091495618827,26.804211119340078,9.360016395463868,1.8162344940389568,1.2718007527071025
2.5944363347388033,6.0192384414819,1.5178299509080737,29.905,9,2,False,4.960511325268376,0.647627155855605,2.286305636344268,0.9446236998419604,2.013236017580544,7.567051595380109,4.43903416231223,139.44553347498777,23.872970900565804,0.2662469140841307,2.1340295704142216,2.1439803913104574
2.5945415772520226,6.0942265716263355,1.5157379677084366,29.571,8,1,False,8.81068581917618,6.856479490422627,2.2557542899371867,6.839412073894613,8.59069063614411,6.71264493088906,3.1445060282586264,38.79551204977777,60.16852553522137,1.7124668495164994,2.933097936522788,1.754170569866395
2.5956177218015046,6.669983482949029,1.4618812782685067,29.4045,8,1,False,5.16207256432499,1.7180300679696872,2.1924526146747283,9.440386311412514,8.005760139886844,3.2333558641809335,4.853377653650322,135.25110468013054,45.72474714604267,3.2727704419675634,2.4198679729713852,1.5637523675771063
2.595969772604492,6.07103028951023,1.5226048388915643,29.3745,9,2,False,6.238876369836186,7.503726988709139,2.2832365219532145,5.722093692462976,7.7136192464762905,0.5554915186017336,0.4089876044283658,96.0025776212994,38.23372634940384,2.9893658528426967,0.5702380326227027,0.8415123849826056
2.5962829794979676,6.3516803153064645,1.4950673289197018,29.361,9,2,False,8.854751567127785,8.532550293053102,3.114094210628013,0.5893574444703624,9.75692243378798,1.7944034159265274,9.978442807694874,59.79087392897208,41.89270315039188,9.872451942760005,0.6508121196454373,0.9941884005859827
2.5969933647565364,6.367059453247032,1.4934223400667537,29.4125,9,2,False,5.848319150575399,4.669423081211875,3.1342078360816332,8.59695638416039,1.3329278296037788,6.706788820997588,2.3592026418338135,153.0352830001378,26.203230432473678,1.0588406506400376,3.4445732124845323,1.1598769809528662
2.597500212628624,6.5869320447949375,1.4714736748157973,29.442,7,0,False,9.53352131087977,4.302700401795151,2.6207936704677586,6.199967921817318,4.488231778945351,4.7582699106073765,4.2974600184551415,69.08062250111168,50.0314314418832,7.020593621034811,2.342324869587939,0.4030885431896212
2.597747222870198,5.75157220055247,1.5466296853546337,29.9855,9,2,False,8.973841821160418,1.3940777874894579,3.340004103635762,6.411674093171442,1.0537405730371667,4.653290012545057,2.2390011832259256,36.3689779214267,50.012164894788015,0.620124565650204,1.7842949899735443,1.8996677560371766
2.5982747775265773,6.710729506210143,1.4603843665881027,29.4095,8,1,False,4.148066699725997,1.5009128001416407,2.885479252795516,6.172209738568869,3.8193302805663887,2.363891687308985,9.760400570028665,108.10041541496302,57.189144325995386,4.483992628087085,3.0504214237460494,1.6742408576241783
2.5987597106129443,6.165467516370431,1.5176256573885993,29.269,9,2,False,7.828009761267103,5.9627160024422174,3.1000195353695137,2.0414505852362246,2.333197933267913,8.599861116728784,5.854435817466063,127.46781005087347,22.78898870175406,3.1615759748862584,0.8357718659162372,1.4921459951437324
2.6003026251115524,6.461788967531151,1.48698087121558,29.43,9,2,False,6.097929763973167,6.887811374409015,1.5029439130977331,11.83611845115454,7.676279109700338,0.5590046525653158,0.8648136329856206,21.551725529485964,59.94406569102823,9.793891562620411,1.8560925228747667,2.319778462406154
2.6004178835419376,6.773208613687089,1.4569859110621175,29.365,9,2,False,8.310124017922044,3.556546323771736,3.590838925722537,0.6358346320930166,3.942751843730923,1.257185292956061,3.0651335692150843,154.47804072751268,27.80907518752645,6.112917804036348,1.913116288522451,1.7219433267898403
2.602473435056646,6.382816576075145,1.5025647933221473,29.0825,8,1,False,5.150643179896553,8.862549682283984,3.9925812581624025,10.308655826120741,2.0287623821131153,0.6907416313184576,4.018425928542651,162.81115920528362,13.659442334404847,9.517799396218205,4.284936112463789,1.9622343065298447
2.6031661119771807,6.623728936917025,1.4643884563807164,30.0135,9,2,False,0.4537726340422042,7.673386637521961,3.8283188813805356,10.77520949207243,1.5399085117832585,7.316856331219182,6.436445727364769,57.38792502262385,70.55717010058376,5.948772935483637,2.819504481208492,1.243108460314327
2.603995668849602,7.046262234321077,1.4319567470047965,29.447,9,2,False,4.054078079385949,3.091881715284893,1.7627722476036365,8.506400046390246,4.931734461837703,2.114539818614544,0.5490794700548917,197.02959292212768,22.852646136982496,9.454154326429176,2.400466991530697,0.3123346041886436
2.605378724542399,6.801533215723293,1.460653974398641,29.268,9,2,False,4.318422661090746,4.407602451860293,2.702342897338628,6.074942552958942,6.334789262853131,9.587177525642764,2.938704343773676,60.29450076512798,63.07743886951587,9.526512745423592,3.8527446556205405,1.6787127199896021
2.606132590968212,6.2932642549208,1.507012514682481,29.597,8,1,False,6.857527872198606,1.0678441984172489,1.308144789958921,6.412857623845838,1.5622022135830111,3.7884873955802334,9.781523521420333,93.71657359635412,43.524153971821555,4.641345679077669,4.67234891997189,2.161320718479177
2.6077357131368277,6.375264091782998,1.5001458118950355,29.614,8,1,False,5.099814372525327,8.39980287699609,1.5680856031935313,8.104006995649984,7.866077949474529,1.6279436626078438,8.878839433368894,53.95172584593966,64.71420780142596,3.9821020357677543,2.871134188444834,0.4508497723884022
2.6084895005603936,6.677739775932687,1.4766123483639502,29.2385,9,2,False,5.6617983072636955,4.44865653372959,4.329820076522243,11.80168504389872,2.5744940268075203,3.85773475221507,1.177539706663392,158.50349208951474,33.24714966841304,3.2578337362047876,3.6126263444627362,1.1375271380581042
2.6097189522215682,5.4756049089643035,1.583047350214027,30.184,9,2,False,1.945540152338849,5.1433624227212995,2.6978303811272752,7.573171045437951,9.669226825207662,2.2531089365980046,7.4981156767851,15.949803153585465,63.87250274158244,0.4391872309354009,3.1452757502511677,1.474762481554269
2.611026761733747,6.424751658102105,1.5014642943362349,29.4265,9,2,False,8.3617113030085,8.652677687873831,3.023937493151771,11.74538563582696,6.651315245271316,2.0994416419593542,4.6845538266077025,46.86440667074331,59.1355550492264,4.845463484850561,2.0307761162425817,1.2141722765890586
2.6117379614793546,6.45500691374478,1.4981420320096384,29.49,9,2,False,5.181086969509241,4.534736062998972,1.92218714303382,4.480756948371109,7.222170831535632,8.658227134572241,4.016479341044466,2.441421866506984,71.0540938397173,7.361076642128767,2.6204591530812484,1.9610279160003832
2.612374926415884,6.366229040202346,1.5016091652527919,29.871,8,1,False,0.571106409544146,2.8796752486499058,4.488176426571874,4.518962320596243,7.426962355373317,2.160873353473026,8.558331742419071,157.38497324579532,33.98158986905179,0.9236760399820291,3.084884073689695,1.5784226344162686
2.6125051777224653,6.376749007202825,1.5092667849386907,29.3305,7,0,False,7.904319169593681,9.42436520272188,1.2984710348397783,0.3374426462137981,0.19658123719481024,5.8119810348432335,1.4639620195628165,165.95190050270938,4.76251757736356,5.617795289549115,4.389545533457279,0.7809169673355645
2.6165984253998955,6.364903174483478,1.5088938222372617,29.6865,9,2,False,4.381879607047459,3.2537513359724612,3.526568892168309,6.071312945898362,5.737193925695163,2.177255300979418,6.96167015692049,91.63537397513252,62.91602045468745,0.5897994555258521,3.559624330990791,2.493939758664451
2.617913909494769,7.0287484635279505,1.4482057298086408,29.4105,9,2,False,3.4752074712915726,3.179129709319088,2.4925326249965636,7.013807062553264,8.018783520262568,5.761858434658873,7.0033219046158885,144.42849711040645,49.0264767472567,6.063320107188724,3.886593954194732,0.6737469984982036
2.6194556122803276,6.594144889760321,1.4890093772725495,29.675,9,2,False,2.700130358576947,6.4783110680193285,2.2521439896787596,5.96370276977819,8.070901328066512,8.900176215246956,6.357226567172092,178.3086164187874,26.79053328754529,1.7831024921499992,4.02758105798823,1.0164044583336105
2.6195898100797352,6.65057132815673,1.4893977566291414,29.3035,9,2,False,6.23427720883183,6.685044933996689,3.1304394532881785,4.5806326663067365,6.083975918203694,4.258155708843298,2.4967714260688596,115.46985796125847,42.51598388698166,6.673771983319554,0.6989655924782839,0.5264058401890388
2.6200036356734624,5.829973475798396,1.563903113490448,29.8055,8,1,False,6.210359227970847,3.110591013603343,4.308721612057569,6.353043835226958,7.0336814516277295,9.086897582614075,2.2341264375378276,31.651623603705982,64.37414760141895,0.43291062359852744,2.4362298768826482,0.6518856524700896
2.6215081436355634,6.8833787961195885,1.4660115338648743,29.431,7,0,False,8.63495188744141,7.98141278281899,1.6036379717498668,9.213966923020957,8.837945127028991,2.0530974413342906,5.779047677035378,152.33747103057502,28.96407872065024,6.391112160560808,3.407599866770261,1.6534958667628927
2.621960519544441,6.79267442827147,1.4771295846538017,29.3305,7,0,False,9.235682615284826,6.58101847097302,3.5215364443873227,9.2239089562655,7.527556652160331,3.503997437642497,2.6443831771040336,122.31690272102024,42.602658850133345,4.381837683359565,2.374261316704194,1.6715934885278234
2.622105850713492,6.59140493837732,1.4945288489392519,29.5115,9,2,False,2.5085739685193547,5.402657698395306,2.3339490277398998,2.383605354549757,1.688424775152279,2.6481539049166463,4.552082602352663,47.3657328601104,64.76787787911141,8.608423269703577,1.385574582504355,0.3550535949179906
2.622437168976165,6.93192793658761,1.458355486428515,29.666,7,0,False,6.047921874931657,0.5437110690545732,2.246491799223467,10.882390122482592,9.943935412125251,8.518042536054658,1.780011372695457,112.72192245633032,51.27623761928614,7.643926330151275,2.560159192175978,2.3226251277186836
2.6228785488449358,6.320683789485046,1.5266276302138917,29.2435,8,1,False,3.2390532983058034,7.298985030770989,4.444203300175592,3.140975046210853,5.134977131151415,8.279317914654563,6.770417875881289,161.75827137319806,23.035137667369558,2.0575875312708085,0.7704715032241536,1.7804957737061178
2.622916081996433,6.5447767987103305,1.5057876084746062,29.147,8,1,False,3.6187034284265387,6.532370594195748,4.812387567405812,5.224605622268622,6.857446553172477,0.7046112835608943,8.203028451975454,47.39181331807351,64.24099298945582,7.7640073967065835,0.8712226083904757,1.2534524534431832
2.6236551478101497,7.052682033026236,1.4497996429202242,29.521,9,2,False,2.1745964836575618,4.945184813868803,2.4925667577967383,1.8328328297070766,8.628147925748541,7.80138628190512,7.836415201489742,240.500123234117,7.241672851119204,5.669574572609641,4.615004648707491,0.37251480899206335
2.6256539910947923,6.867612683185088,1.4705197069032676,29.5075,8,1,False,9.917786841186869,2.5461335648559427,3.115632025679742,4.062007865422922,7.044993667949346,5.231951232301482,5.404352504903715,40.86141081293138,65.3883083294833,7.4291678914514785,3.0654252111875775,0.3254813486635864
2.625902750705083,7.041016297135141,1.4543169940074419,29.4515,7,0,False,8.391187372200791,1.9904571501796784,2.986929566719631,6.603250889093271,7.956361896503673,0.39151634125432067,3.6881949875591737,147.2116119408724,42.52532211754563,4.757001266626902,2.8548932233037796,1.7949439086676686
2.627070814896228,5.969001928326217,1.5560833204763045,29.8675,7,0,False,7.099095423424218,0.14398114571996312,2.055567265818735,11.530958186712507,8.987132711957202,6.395659979010564,1.0227074365529913,6.992858213921929,65.83538224489995,3.1873279441854785,0.4195403808401016,0.49017646162577605
2.627231751898322,6.286371804784792,1.525594571419843,29.799,7,0,False,3.7579134030998573,0.07669890061119104,4.348525405667477,3.349216625005645,0.8848827644539999,3.2243523210063576,3.2993828672324166,1.4366114223770359,69.08104977686926,7.242616501772199,4.513405582754769,2.166215074691666
2.627666812028445,6.913601900688265,1.4670605902135867,29.5625,7,0,False,4.2678263555445435,6.380045203433272,1.2787373297672593,2.721298077819566,1.129766794215866,7.422491145388858,2.2902923516130698,82.13506768804636,70.91142055156661,4.988340526117884,4.695335654914348,1.3672374336390412
2.62816239155836,6.686152966209531,1.4917058250961373,29.474,9,2,False,9.708759932871118,3.6359229549199936,1.506653833067658,6.643184709506937,5.4697257442609155,3.2124011393995078,8.609520055043314,124.68632039971286,37.956299115417195,3.90749516523985,4.754568950595724,1.7683308041978278
2.6286846403757282,6.944630337516616,1.4687771621796222,29.323,8,1,False,7.702516982904318,3.759385687735124,2.6627187767874396,4.800018911833088,9.272805832431485,5.189627088611802,9.241323329109866,208.98435516589643,11.225374474209445,2.1229123727827575,2.6656153281731276,1.7990384726116966
2.6293112209435954,6.781564266808196,1.4818770164849981,29.5645,8,1,False,5.67716123468293,1.0465993704787224,3.5977994406027074,11.91494592745268,7.284946085350496,0.15319650303149146,5.478310973076927,181.10771141760716,29.358549241134707,1.2304535662870317,3.6169869311305627,0.24270862440459784
2.629333827238198,6.471766029744171,1.5145778591844155,29.4575,8,1,False,2.6655262460679965,1.0321208993985165,2.6087377212735787,11.129985655519523,7.978635502610904,7.974898452857167,3.2155251281191504,46.91080047856507,82.65434835974486,2.662326319373736,4.9033925516740275,1.992219126256583
2.6294037257849254,6.760830927953853,1.484788886957794,29.5175,8,1,False,1.7899748719806197,3.7163977891751347,3.840334253781906,0.9416301597158435,2.2413574985708555,0.5013458140075114,9.082511305155581,148.1880766342567,51.91354254429913,1.8855060815675957,1.9996214282328149,2.0932311390412788
2.6295439203613387,6.828750991067003,1.4794704085562258,29.4335,8,1,False,1.8428960896788809,0.7372216949471851,2.834444543940762,1.919299311838573,2.984064396669544,3.7237467334966325,2.5386580571941053,159.50085403032125,40.51897950695666,5.008207466676988,4.516063042300722,1.6767345745114615
2.630006562165638,6.434156450529603,1.5087813933031538,30.102,7,0,False,0.3890618505313252,4.072973856766606,3.3540376151379188,3.078351398402958,3.547327528863341,6.134540681727558,5.939988659729113,176.64840573424482,24.10077980548605,1.5503654672877678,4.857705968461602,0.6654325037993114
2.6301560770531145,7.067690381139661,1.4553156103677196,29.4885,8,1,False,5.643647206824395,1.8824514354994584,2.9584093804253255,4.628950212655964,2.5904511081931694,3.2933902903764194,7.73272045443166,81.47549934155093,86.16396474551387,2.480330728001653,3.706137190104321,0.5967023578423463
2.6306352513155993,6.759002755266262,1.4801159281699257,29.901,8,1,False,0.6668439574836403,8.407067315435906,4.32197343795395,1.3846426784133878,0.42954444291027627,6.606859588226477,3.78829629405111,173.74957020014074,35.537560726044866,2.753970279597907,3.954679133297688,1.6465728194210851
2.6319353956582914,6.359214338267983,1.5287599935775245,29.437,7,0,False,6.57303961834648,3.2638350318740543,3.6214206459598186,9.87566017937781,8.263885236968605,8.470640334650955,2.9969158299651535,30.675121838236848,76.67501868562944,2.766156664625721,0.8609554671884816,2.00320249696417
2.632501116883261,7.058916256179669,1.453268221424024,29.8205,9,2,False,0.7534333525006804,2.9395993754972873,2.9327003579208677,2.1080444931028097,2.184252633144088,4.27334420750635,8.502900373116633,121.51133284823976,71.70823324310784,3.201315562692978,2.980721212416048,0.4436284926428045
2.633453511467889,6.766305620825918,1.4843070763694244,29.7685,7,0,False,9.190435711574256,0.20786911235318078,2.35030331486623,6.894980509949466,1.8884673842765727,8.557215551777656,4.856295639864004,15.713930025481714,84.42696015458982,3.711959286552459,3.07132823044713,0.8468050544235937
2.6341722414483675,7.004081240420377,1.4570974507396632,30.03,7,0,False,0.9009195017548945,8.770721186911535,2.537098820718188,10.603901178435253,6.131471213693988,6.247580705601407,4.2979029192857,60.89072821980885,77.30238247365634,6.723226431429906,4.412070805711827,0.6685957807201458
2.6350252470794393,6.728912654959862,1.4993244577739295,29.157,8,1,False,4.823650457945839,7.710596558566928,4.766857692610179,8.974654337088237,2.3845510982848426,4.057584140433807,7.156774758088848,65.94918646582958,60.11971039126728,8.545584512656976,1.0424771227863727,1.794874383867333
2.6353406055032864,6.581990362729031,1.5040145851033992,29.807,8,1,False,0.8918725992835432,2.570434528259109,2.9427204191167657,4.9286881053994795,2.8714192174314026,9.63885496525866,3.111122189071539,166.36425909609065,36.89824661276813,1.4777421699215023,1.8365922109541013,1.4577896741327803
2.6355063074129186,6.5769113727427975,1.5097596145830834,29.4875,9,2,False,8.034675834676003,2.9616306213134838,1.1287992128767899,0.9532238239122885,9.235851248331851,2.508105809648088,6.973756695228121,122.48390129734835,30.548755348700418,9.733716502090763,4.326465864214162,2.062949099418259
2.63558397311785,6.762573759780777,1.493144057457233,29.3695,8,1,False,3.8585176154524685,1.5028385892460931,4.2515780429412455,2.201673480345158,5.8117288317104645,2.429841543591618,1.807887908624333,134.34909905532243,47.73034064716367,4.725399337105109,4.31362974989592,2.1798429128586165
2.638295527429877,6.175131658312241,1.546655377471669,29.87,8,1,False,7.0986188763628535,4.954590424780442,3.0792821375097774,9.211120813901047,9.822747389680767,2.3842939322400416,8.070001995204064,69.77895978717467,61.44782595548777,0.30460495861425313,2.8857310004544585,2.376500573033981
2.6391323879490773,6.748441936402286,1.4976135911342459,29.4005,8,1,False,1.806789945789662,1.1638157123118478,2.837236372181921,1.8778287552711128,8.386187004056978,3.5238648953628946,1.9457699990822737,106.8293651302638,68.19341290060171,2.823558277880577,1.978506289143316,0.8042031612059082
2.6392257838671833,6.464778696468369,1.5264621999346324,29.376,9,2,False,8.296501111197323,5.071285445109584,2.959375815264968,1.9841215941239492,0.29544252483018285,6.448634889115038,6.367444515727878,26.11285245349093,60.1331855948271,7.772542682255781,4.190134364256853,2.0160176142013033
2.6420334835042114,5.826152802941617,1.5840293143211608,29.9495,7,0,False,0.7785290182875464,2.686019293640601,4.269306862756455,5.661196859315238,4.586188182767906,9.688730615969092,3.2669175570049194,98.05628650646118,46.096731114732236,0.4268033658672434,0.6848917241291113,1.5060788205967968
2.644363036985291,7.109398974086495,1.4674866316401336,29.354,9,2,False,7.027241158945113,6.034210520455007,2.121350523009829,7.127091973306742,0.7187436868432462,9.738122244226489,9.534129311697527,195.25045833299507,28.012086523089412,2.837293013948102,3.25130174656396,1.249130951451361
2.6474979896310895,7.091762553492666,1.473353480313569,29.293,8,1,False,1.9819395783012534,2.342623244723767,4.062418658113287,6.220709243922634,1.6070936493205026,1.3154372336434914,6.477962753234593,183.26629138685843,32.86995491133203,8.58521785013335,4.776192165337633,1.4937082185265829
2.647775253453429,6.970211405765791,1.482952525575263,29.4715,9,2,False,1.2386662824664212,0.2365247268333775,3.4768238223233814,3.48342243787953,9.229940973246984,1.3640685478238312,2.022834223810491,195.73617665655703,32.06919964993889,3.4317805993278294,3.571452075048683,1.3585763726646196
2.648068327483827,6.66040369274832,1.5113295455105822,29.654,7,0,False,2.9269238536463966,3.094900311086427,2.099618294324569,0.8563413137887202,4.2869368377248875,7.741179482035479,7.12471267318,34.24160631430783,96.49623932643092,1.963768805872758,3.910799220933342,1.3225797124601182
2.6500717830732134,7.077116471035613,1.4782569613664776,29.2385,9,2,False,9.08948678537665,5.461313893884357,4.399156992900219,3.5829643636557718,2.951430184475034,3.5273163837600325,7.332983902599925,207.2399233901387,12.547910337192333,3.9014493761042472,1.998721513626341,2.056728576991277
2.650654455174878,7.337775375066272,1.449892790684124,29.42,7,0,False,4.121460242932191,5.65346028409172,3.2462030706928147,10.715661915253019,7.871586605578503,1.2970055445669275,8.348913253930045,169.54404970047082,48.076883395672475,5.502437759525528,2.518309552015521,1.809806357905539
2.6509018256920642,6.970548681921903,1.4774342590871752,30.014,7,0,False,1.099167347966888,5.326973399273382,1.5308424238867169,2.3179643288214824,7.665091970712005,0.7543408065910879,3.8888321021390757,212.56934815209115,24.804411663694424,1.9246393338392902,1.8819113910332845,2.1693606838883235
2.651643210532518,6.8025734701486416,1.5033620539938446,29.4855,7,0,False,6.128174219972895,2.033677553863189,2.068418582064073,7.494067844908564,4.996393100565169,2.764100554306187,5.636077317884864,9.852721899787614,82.22668288124237,6.341141390902862,1.7462391945850677,2.2210580935385393
2.6520588824507283,5.843757288953662,1.5950720424442508,29.7745,8,1,False,0.8932972739642963,0.9711262218823112,3.6356683215997623,10.711498863528,3.322513032118663,1.2730595372764184,2.8836587627832597,124.02077229547777,37.200497780330274,0.19795941394992111,1.5966546971882212,0.8915568965878942
2.652384020777359,7.063291983140564,1.4792373621458423,29.4095,8,1,False,5.151396956115424,1.287882766624822,4.343216008717927,10.235020980297607,0.7362242036483408,7.194903657031332,7.813524423377728,184.2849943020015,27.929107694068097,8.874738906952198,4.68760078485624,1.368631135814557
2.6534625381142454,6.312824327391737,1.5508943910893576,29.691,9,2,False,8.900665931023166,4.38624083308206,1.5562677881310565,5.97884466535011,1.531293234921892,6.613758848377643,6.778349833465559,47.241755677594035,66.29030754722683,1.4748226908345,0.8148642028480702,2.1916364482341764
2.6546481126265364,6.249041484773666,1.5596884085936142,29.6135,7,0,False,4.599119166867813,6.776020016327379,4.961176175160636,9.584577910092197,0.7841083947935991,4.998541921637064,2.4194474764043616,48.80193308270094,74.5094867714717,1.0329654588926995,4.810721470193334,1.9131888041517702
2.6561147708661297,7.185199413467486,1.4731345120590635,29.261,7,0,False,6.941447723508791,4.90308746245738,3.9267099918248305,1.8768867626500096,1.5660415602327784,7.386910468368,3.94657080039419,58.38169241472317,72.14772375104513,8.572760184822004,4.357282497839232,1.0319160029936658
2.6568365044269946,7.074952536521852,1.4804206158541746,29.542,7,0,False,5.407483571994865,0.6228126046966118,2.4607533415493874,7.3539319664976555,2.869220512882031,9.862910928310427,8.009778841906595,228.8831994513396,10.518749244200396,5.0470780617074595,1.3553346376417126,2.304114949251653
2.657477428248247,6.708761531426351,1.5200219100262466,29.3945,8,1,False,9.31718624486725,5.671146623514524,2.8676654426531725,0.7466389838341543,0.7177461759621363,4.252487646397257,4.051500941502761,9.043753885027668,82.9714134338857,3.6683663794855037,3.620202341123534,1.3449335002762737
2.6575248131978633,6.926765449387035,1.4991816015924928,29.337,7,0,False,6.330045105446846,5.709938305539131,3.542374908173184,5.047468159435169,8.868955284721046,7.157005482079105,4.360342265593139,36.10220313884769,94.62053461699158,2.8478654520827544,1.95979519059996,0.38503323573145887
2.6592122152559807,5.666799883439898,1.6152385761183399,30.0695,7,0,False,6.743970941289593,0.988870469408925,1.6336598460374467,11.88925258879016,0.3881421925629869,3.0786320403106635,9.593054246747009,40.35785616289029,64.08795019657659,0.16090931587041227,0.7060366212848328,1.2855111330150972
2.660067802637494,6.694192261209801,1.5229342908022283,29.466,7,0,False,4.530063128218747,1.4616957449960546,4.827543552646691,2.78370829310788,6.258984918526305,2.718220403194531,8.186566929587288,105.20192873955514,65.98800540442467,2.0157330543186855,4.344658846512068,1.6246726122220498
2.6604148031562906,6.699918364020578,1.5241055064367723,29.378,9,2,False,5.97973123348098,5.967157806276821,2.143126599438869,2.0742441160232534,7.688025849053564,6.759485000549135,8.022468572252553,180.8049003017307,22.473953400164394,2.2035711475831365,0.3344885739589972,0.6126994090872153
2.661237355790677,7.135414252669692,1.479386406714184,29.5035,9,2,False,3.759888385151975,8.222403576965725,3.444898452368877,8.085208335338908,5.158427368778871,1.69458592347316,6.091310835438632,179.25596635755682,37.27009202165916,5.524331855763495,4.621685141941415,0.8202982460332999
2.662500879464681,6.6983403115983,1.527246213384216,29.3215,7,0,False,9.969933484357949,8.221744522247276,4.402013966978025,2.7468434612884067,2.2489374237432873,7.550505083590669,8.284622957596367,51.50356379857517,73.14275199363074,2.2531825675096684,0.9467729072697364,1.168760790584107
2.6633580470150178,6.347115446900944,1.5582972959757169,29.632,7,0,False,9.512417428034283,3.5036007383566856,4.794593159387843,4.060751005011625,6.431804206785546,6.649125311189382,0.9909108238912612,110.43647386055171,38.27218973599892,0.718668517490789,1.6903984709064486,0.6504672545632
2.663778890602368,7.22049015478434,1.4752457481398067,29.3885,7,0,False,4.928241329821585,2.8437881296902496,2.463456430638722,11.583610491300623,3.4804684600005653,5.828797733351716,9.456514639235753,202.23691873661946,34.3128287739331,2.982962769132482,3.746653434701287,2.0553817288861023
2.664421891222848,6.50857819577924,1.5453577224385748,29.497,7,0,False,4.713280938833534,8.970722724296804,2.59962704055273,9.011488074270831,6.433513353093983,3.379381594545321,5.364661117148449,134.2111127629438,33.30465084929722,6.064338371776133,4.959817778204706,2.4231905607707747
2.6645075436316845,6.770109060756811,1.506068066127432,30.33,8,1,False,0.7145304400480733,5.021903822848608,1.8012789392970974,6.463582119020698,8.218250197124881,7.851162411106023,8.661242674602146,116.50926249803545,70.42758559991512,1.0448678974772985,3.3895841160692366,0.447968932263587
2.664831477116118,7.05576211654634,1.4895727257789446,29.59,8,1,False,4.481138596872764,7.2163312785074005,1.1237074190519676,11.238282423760323,4.854766807680533,7.475004578753738,9.568967263311034,223.66768153308664,13.388224155764807,3.762318427152776,3.988231928086913,2.135355530338756
2.666073475558096,6.762138521135768,1.52065327423817,29.56,9,2,False,1.408060256481534,6.1449657221452005,3.6229634544855105,8.973294327303847,6.470858745213692,7.8445646547309265,6.989963669843906,67.67218298436377,73.28451264563878,5.414188255139928,0.8814385651102894,1.2080964730266905
2.6688156027615717,7.198053834467387,1.4820657748703885,29.4175,7,0,False,5.562097354168324,3.5692895190481653,2.4387412795447823,4.87010272069753,0.13673886064741891,4.344955816257219,2.723666729977868,40.73317180963917,100.52753040695337,3.58050309697869,3.587337967487899,2.4626935058494355
2.6703049137985784,6.826365493262375,1.5194143962183724,29.5,8,1,False,7.742216160875877,2.7608396084648494,1.8498566433064385,10.844193248404107,0.4515257760769644,1.7070738965731236,8.069051076377084,121.1029823088633,56.06946336670644,1.8989214653427338,1.4677747625619637,1.7468289158102648
2.670947960614864,6.44067206192404,1.551475992517698,29.9505,9,2,False,2.01783873234629,0.21525986185199064,3.2998882845238833,9.92158765292284,1.975931403268109,8.810362305867839,3.8177173656838472,20.518690394411514,96.3701081611279,1.0934033426691778,4.606066708771336,2.178503793129282
2.671875513497948,6.514000570379284,1.5487214882060514,29.7205,9,2,False,6.821611998887412,6.671833865653655,1.124402081235609,3.5236226773221153,6.473977869524198,9.772429047372189,7.372453391916673,132.8971418527835,40.27863983187794,0.7387450906222649,1.948408044999566,1.067517463329586
2.671941438524766,7.073944471530993,1.4977057215303973,29.411,9,2,False,7.1998969739019705,3.4776610655681424,1.3543304388269553,10.064697438949807,4.147869724554841,9.98979288872688,4.47024127169404,145.01676310292086,51.22383707556194,3.266407604506281,1.783538655055966,1.2429303480648133
2.6720231918423947,6.751099632436036,1.5190243397099021,30.107,7,0,False,0.9374737940606316,8.876095309384358,1.81620563853917,8.034942236031512,6.5703748072772195,3.276101942497495,2.2232523982817427,9.95874191489071,76.31085312450539,9.15325156035181,1.8355568306059475,1.543591338939067
2.673396891380489,6.4735472995109635,1.5533596217468526,29.779,8,1,False,4.717865425425538,8.131134181613668,3.9324352766682225,5.581007555861452,7.36439009814311,2.7936208772489626,8.051124293602495,64.28124866340117,76.9740393598152,0.6033419165872369,2.186739557967665,0.4905828587650801
2.674931323006983,5.964358814448511,1.605987505054195,29.768,8,1,False,8.478003000837962,4.514982538423468,4.214737895650179,7.0752593379618105,1.1521161408489717,8.456859739939325,4.168102071491067,51.699874659391476,67.26597833380836,0.1498822918161822,0.5881087413290638,2.410691939819889
2.6749803909785377,7.1197751765044535,1.4987965241217431,29.245,8,1,False,4.285621383228657,4.326201812888147,3.8237645977160706,5.6082609262874685,8.115600734706478,0.8202378777865198,5.923744614462027,67.77846780382964,84.60116882441467,4.7441324577711255,1.4822951538833264,1.532749351532896
2.675712127290585,7.079591124197263,1.5005387291565728,29.4345,8,1,False,7.830795647530927,2.8079820444157524,4.1456561930707,1.5915546852857758,4.815149635924586,1.4447389722376787,4.983530175356786,133.8116840851093,45.66287135313283,6.97838642099183,4.718184060609918,2.273088414585008
2.677422269997648,7.019715676604725,1.5077126070990803,29.4675,8,1,False,8.243636564972828,1.6668620574785098,2.107192850890029,8.150291387365742,6.006484863054308,3.3791888246567265,3.734021724661363,195.50252260207606,20.698998412632683,3.530456355255306,1.2771776056932487,1.7329103629284723
2.678036453916779,6.692295175143675,1.5411482062436812,29.4625,7,0,False,9.132329567335177,1.4152186756948557,3.78385896128153,4.543258889940818,1.826402566242142,3.5574975736238983,4.869952111453402,191.35284746129184,1.6531368881532804,8.959958444946489,0.5652823755314893,2.485867335434784
2.6796197341840866,7.052136897911249,1.5040012824881996,29.6355,9,2,False,1.5150129214863706,6.333373275890354,2.755371570086834,7.887290782994025,4.139207329228646,0.35628597775914694,1.2693143456323608,58.568620110736234,89.67909428746157,4.466769499644491,1.7605697478656626,1.0034543417291213
2.682747705328867,6.913778513116902,1.5261476317949545,29.309,9,2,False,4.461297420007111,8.519347240826505,3.9784242504021425,11.047598880494716,0.9946422388976273,2.973319470047723,4.255511193386854,215.9191603286916,12.686966936686666,3.1425430848166704,1.1470791241444624,2.2547427417534323
2.6829103863309776,7.182223719098524,1.4956642048973159,29.5485,7,0,False,7.038938486536371,1.339054804099745,4.278639889910546,1.4552006340508379,5.2088071551295325,0.4486545030155742,5.545777601413702,21.108783993517203,82.34954815922322,8.467749923707261,3.894057397945837,1.5986261347516435
2.684659045155581,6.577203382837294,1.5551926751258198,29.72,8,1,False,1.2220788814813857,0.2741374095824668,2.654973882138996,5.279203586659895,3.2705265978485625,8.49064323337773,8.120307234027145,144.6708623554259,50.1512281809648,0.827985995275135,0.33801026952149305,2.4435864726866896
2.6877588939319654,6.762915653983491,1.544697487263775,29.4065,8,1,False,4.296868449685263,9.051939462670504,1.1094491314210226,3.197237038705702,3.8611454685463142,8.986456080182094,5.682084514978957,214.9734734617443,1.9547967065958434,5.918662862234744,0.6218512800886302,2.012282561668389
2.6901985480961623,6.838656086784033,1.5327535743383942,29.8355,9,2,False,2.930714383647724,8.362926576213987,2.2438262373553304,4.0029559927193885,7.1689548776498695,8.531570528459428,5.85969106159653,50.26912364156672,93.5928921450843,2.3847967063259685,0.38991689177259486,0.7722612646846028
2.6911003480222058,7.253545640063698,1.499261657031709,29.3885,7,0,False,8.537043897198417,7.003282385029914,2.3310510897842214,4.723710650211061,4.462746790215144,3.004733393006444,4.272281122276183,18.935099621160905,83.04478874104038,7.714156203862443,2.5514223109784,1.75531685353034
2.6932566540394864,7.120062052710302,1.5142663217843295,29.42,7,0,False,8.09168132944795,3.1437183166157605,4.1474462802342895,0.20202131788025746,8.725574524765852,1.70687220567215,4.6119308970112565,126.9723133654742,49.70279049046295,6.620938426925536,0.9538570120802323,0.854429103725115
2.695007722344737,6.5923759545167595,1.5667780634009971,29.5465,7,0,False,0.43807388962131993,8.381174015063504,4.962042811884585,6.7319885062751545,3.6641116296841787,2.415964396701696,1.9112149469121427,212.91577683977,1.0763743450195786,3.240123914791771,3.9940994220746138,1.7350920528947733
2.695149969857694,7.191235291186293,1.5102010439136677,29.347,7,0,False,7.040593798472566,9.174782151303516,4.874107868282298,8.606064440940289,8.643654745870913,8.43285081870931,3.6475440979145537,181.86876717180985,41.16030402788835,0.999448220534322,2.1057342566080286,2.4901927021867016
2.696184270921892,6.078631080118597,1.6186148137036835,29.5915,7,0,False,9.044557703746577,8.28455176889867,2.009873043562564,0.4306557589339364,4.572914504631296,0.7254778982819027,9.60928881643741,81.37689424925935,61.06736127063389,0.0917925582400223,0.364347362181858,1.347879538069735
2.6962943134677806,6.474793863542324,1.578330800129421,29.6405,7,0,False,9.137880872233902,8.030263951072973,4.52299632993318,6.3034846280533685,9.164790807497251,0.561857155743483,0.39985945592285954,63.19964180133457,74.64607498537396,0.2119535778279073,1.1812656714730427,1.5042283822864098
2.6977133492375174,6.870452476045022,1.53761254607746,29.8025,7,0,False,7.1380086194983585,4.780871823452171,1.6136662607131966,11.673263665231838,6.988112589727418,1.375700890061237,9.06697864436517,23.173882082618817,99.53214356376816,1.039910663916824,4.708408052944849,0.27595630740194044
2.6999267096549975,6.682626648412028,1.5518148384645882,30.2305,8,1,False,0.2169814206282848,1.8564616767591586,2.6392074670645513,4.750062985531574,6.205606649629309,4.577438635388749,6.112573608957602,33.50544307852677,98.85388407585496,2.238369254279594,0.7517096375822909,1.0414318037359307
2.703007685649149,7.032844549061737,1.5293184688382135,29.6355,7,0,False,6.613479000399362,6.747271616145402,2.9108641216476094,2.3038387021437607,4.0887011017930215,7.4759247931195345,1.9729375388849244,115.70098125417069,70.43295769939354,0.9095097116007456,4.06259010203674,2.0796658759421427
2.704854477710089,5.882901136002463,1.6414849990304776,29.93,9,2,False,1.1418022792132727,0.31601705447040923,1.5755300088351325,0.19185889824457647,6.111916572726089,0.9883048223125698,5.780451817888332,62.88992581277985,120.07585066234718,0.05603135525938779,2.106910186363969,1.2716351145110953
2.7111120310237604,7.245282746905603,1.5221234388728828,29.261,7,0,False,7.343764601025755,2.2822358836248777,2.8191097439821844,3.6106782771601518,3.9376589764896,3.6938612568722218,9.456686115357106,236.9319489486012,10.026293271755977,0.1437886447417947,0.6662179337521994,0.6738534246853425
2.7122546898769944,6.7791677173516875,1.5548379181418253,30.2085,8,1,False,0.5812870829225316,4.092120592986875,4.1943635531889285,6.6261233895016165,5.948678392583614,4.559112701783758,4.5261837727867515,14.821892502437915,112.08434338114903,0.7855411708437557,4.178617547189894,1.4682267994826217
2.712864606609172,7.108963695810972,1.5320317290915668,29.606,7,0,False,1.8803989509821932,2.6826966703749457,2.246702237356271,10.30269167769189,4.518189259424036,8.21606764586657,0.5926457467430215,238.1824055711934,15.187172383177511,1.8927309269404595,0.6264601538052712,1.3913554623294393
2.7176457660574576,6.980963533925527,1.5445097301252224,29.9275,9,2,False,2.9985802648179805,7.002177029553892,1.862565400578141,8.963468170111065,1.0086023710145062,0.44641733273043904,1.8873163649630307,165.75570319738316,52.279639902002074,0.568767371491411,3.696456118164805,1.8615686026512859
2.7185760300169823,6.205567743595255,1.6229002080384094,29.9325,7,0,False,9.105907378856006,2.737864055048959,4.162168188217952,10.483755653245796,3.615005907072866,4.160861294757958,3.4064759389187227,57.897032994551545,99.52774960584975,0.06721820252336154,0.8094978825619896,1.960779366143549
2.720460760226977,7.187439962245159,1.5233040655897627,30.14,7,0,False,0.19199833736187555,6.303196381269592,4.192792266582333,6.180392814725391,7.285909263455762,2.3415924787017266,2.065359365127461,44.85971283151096,103.88382558983227,3.637638235998012,4.756183088630829,1.518665250505578
2.7206337870089325,7.1397864501306865,1.537051967392689,29.585,8,1,False,4.040570754208965,5.501560434958154,4.597971087099783,6.023907274798411,8.896868035046255,5.959206725689059,0.9787673562143587,101.11975546304707,89.20708372631202,0.5327397025239788,3.6165881531326955,1.6881939346794843
2.7227733163725643,6.402357029507655,1.6147836451678304,29.4685,8,1,False,6.41504051932476,9.721771979436033,1.558284585186714,3.534603866569156,9.346391877947509,5.154649266227845,0.9414957710215573,153.01330916396802,28.434220302851845,0.16401124539247647,1.3017064606999582,1.3113404937538555
2.7238132628464498,7.267756025538608,1.5244344856894145,29.774,7,0,False,3.0041257690365346,0.3892092860930072,3.132400796017205,7.395729578610642,2.614200314271958,0.649371804841456,4.6920949317437834,48.642595718471526,114.45963086128137,1.685330890039107,4.741820465238317,1.028080713538658
2.72383916279084,7.164605662133861,1.5429976441965012,29.256,8,1,False,3.7800504829504824,2.615228889122697,3.1849865657082685,2.812639205884639,0.39745108541369245,9.236817830775031,9.84319414701283,248.85638372352904,6.233912741733092,0.8929515958837791,1.0157152743849964,1.0985432062662253
2.745162488736522,6.498278483882847,1.6227711482847453,29.7715,7,0,False,8.464660231936984,9.683757573174274,2.380333847645569,9.308498769899058,2.565917010105893,9.485542580985332,2.1959324407390115,17.079343379868618,137.65324493953918,0.06900231326939645,0.48029226674824943,2.4548825351791965
2.7525910100983806,7.254333827462471,1.5585306432251498,29.5235,7,0,False,5.649779113095582,5.603181493853397,4.7352441776643985,0.5232866581591507,4.582914466258435,6.347621830384323,5.55239481755569,148.31116601247953,66.73684587965656,0.7508693671958958,1.2190811428831856,2.220989034919603
2.7539852675199477,6.626478209622467,1.6155834783037328,29.9725,7,0,False,7.169464871671944,2.009960034814222,2.1366603342224906,3.931155410409488,5.954015049417134,6.315823074746301,9.321281203171482,48.36768562071222,108.66455469915088,0.13705673193531004,4.1446321481864095,1.4647901010376427
2.759974337826424,6.5064148602421685,1.6336106295799848,29.9705,7,0,False,6.243903146318343,4.124169377948949,2.822353282835251,9.857405006326267,9.198263640816398,9.675675006542331,7.813659142529142,37.63503534517365,176.22381703754849,0.04261451752302807,4.789840652089053,0.3873272394198758
2.7626320625774543,7.077842203998776,1.5862208580505928,29.5235,9,2,False,7.227218971339304,5.724579611352008,1.2014949990324442,10.687220362619403,4.670715468362224,2.7360628854328555,8.223256014019904,171.37882869890475,72.51556630584957,0.06824983265066506,1.7508459789240343,1.9628647324060229
2.7677125511436373,6.998236756454619,1.5889206215299214,30.175,8,1,False,0.46304658415703753,2.928202149833829,1.9686765458073703,4.912522105632394,3.932736431074676,8.780296763116953,4.686956581419002,235.2050288105809,14.125428153311015,0.7985064696197145,4.837327457267596,2.0404704489257197
2.853652569139797,7.04309633974666,1.6667556335778295,30.403,7,0,False,0.8845161688766989,7.133297546423058,2.2432532587627434,10.80701971681506,8.9469511223509,9.370227878166649,2.6356722126361025,96.90747834120911,288.7726561674014,0.016561015974854945,3.889587049560437,0.3372177240329418
