street_id,street_name,part_index,vertex_index,x,y
1,roadway_exterior,0,0,0.01890196682666119,204.20171919619506
1,roadway_exterior,0,1,0.02475174135915358,204.20200657718968
1,roadway_exterior,0,2,21.994430069256307,204.20200657718968
1,roadway_exterior,0,3,22.018934354338697,204.20321039552164
1,roadway_exterior,0,4,22.04320264976034,204.20681025708888
1,roadway_exterior,0,5,22.067001238569922,204.21277149325664
1,roadway_exterior,0,6,22.090100927347578,204.22103669406187
1,roadway_exterior,0,7,22.112279253462805,204.2315262611026
1,roadway_exterior,0,8,22.13332262751121,204.24413917411405
1,roadway_exterior,0,9,22.15302839029722,204.258753963849
1,roadway_exterior,0,10,22.171206764552945,204.27522988189304
1,roadway_exterior,0,11,22.187682682596993,204.29340825614878
1,roadway_exterior,0,12,22.202297472331942,204.31311401893478
1,roadway_exterior,0,13,22.214910385343394,204.33415739298317
1,roadway_exterior,0,14,22.22539995238413,204.3563357190984
1,roadway_exterior,0,15,22.23366515318936,204.37943540787606
1,roadway_exterior,0,16,22.239626389357113,204.40323399668566
1,roadway_exterior,0,17,22.243226250924355,204.42750229210728
1,roadway_exterior,0,18,22.244430069256307,204.45200657718968
1,roadway_exterior,0,19,22.244430069256307,205.21967164242318
1,roadway_exterior,0,20,22.244717450250956,205.22552141695581
1,roadway_exterior,0,21,22.250567224783445,205.22580879795044
1,roadway_exterior,0,22,28.42112654297391,205.22580879795044
1,roadway_exterior,0,23,28.44495225144495,205.2269467164357
1,roadway_exterior,0,24,28.468561066203247,205.2303501130236
1,roadway_exterior,0,25,28.491738067994966,205.2359880054111
1,roadway_exterior,0,26,28.51427226850994,205.2438090699024
1,roadway_exterior,0,27,28.535958531081636,205.25374210862665
1,roadway_exterior,0,28,28.556599438117605,205.26569669767684
1,roadway_exterior,0,29,28.576007088260493,205.27956401027004
1,roadway_exterior,0,30,28.594004806919486,205.2952178074355
1,roadway_exterior,0,31,28.610428754600537,205.312515587212
1,roadway_exterior,0,32,28.62512941839432,205.33129988189262
1,roadway_exterior,0,33,28.637972973044217,205.35139969150816
1,roadway_exterior,0,34,28.64884249920421,205.37263204049935
1,roadway_exterior,0,35,28.65763904779635,205.39480364340696
1,roadway_exterior,0,36,28.664282540778647,205.4177126644166
1,roadway_exterior,0,37,28.668712500123327,205.4411505547404
1,roadway_exterior,0,38,28.670888598369373,205.46490395110914
1,roadway_exterior,0,39,28.670791025737426,205.48875661809225
1,roadway_exterior,0,40,28.6684206704651,205.5124914165643
1,roadway_exterior,0,41,28.666762228617955,205.52367172334397
1,roadway_exterior,0,42,28.666462181301014,205.5297793267899
1,roadway_exterior,0,43,28.666462181301014,212.2001413294283
1,roadway_exterior,0,44,28.666749562295664,212.20599110396094
1,roadway_exterior,0,45,28.672599336828153,212.20627848495556
1,roadway_exterior,0,46,29.439763902062264,212.20627848495556
1,roadway_exterior,0,47,29.464299286434375,212.20748536826278
1,roadway_exterior,0,48,29.48859778003981,212.21109436564586
1,roadway_exterior,0,49,29.512424779307988,212.21707063199526
1,roadway_exterior,0,50,29.53555023297748,212.22535646606218
1,roadway_exterior,0,51,29.557750863256256,212.23587186756805
1,roadway_exterior,0,52,29.578812321583563,212.24851530961251
1,roadway_exterior,0,53,29.598531258179555,212.26316471892235
1,roadway_exterior,0,54,29.616717285400927,212.27967865447715
1,roadway_exterior,0,55,29.633194815946254,212.29789767313164
1,roadway_exterior,0,56,29.647804758163065,212.3176458690499
1,roadway_exterior,0,57,29.66040605208831,212.33873257208793
1,roadway_exterior,0,58,29.67087703139169,212.36095418872654
1,roadway_exterior,0,59,29.679116598072152,212.38409616778026
1,roadway_exterior,0,60,29.685045198565817,212.40793507190335
1,roadway_exterior,0,61,29.68860559184092,212.43224073489228
1,roadway_exterior,0,62,29.689763402063765,212.45677848395556
1,roadway_exterior,0,63,29.392443318670427,361.1168201806237
1,roadway_exterior,0,64,29.39271967522954,361.12267707130036
1,roadway_exterior,0,65,29.398576001480745,361.1229651410647
1,roadway_exterior,0,66,51.053681553166335,361.1229651410647
1,roadway_exterior,0,67,51.05952313173935,361.12267862018376
1,roadway_exterior,0,68,51.05982425562567,361.11683777616594
1,roadway_exterior,0,69,51.43147721634882,212.4556534869087
1,roadway_exterior,0,70,51.432738368516326,212.4311911528738
1,roadway_exterior,0,71,51.43638739136284,212.40696965573818
1,roadway_exterior,0,72,51.442389254485576,212.38322152043705
1,roadway_exterior,0,73,51.45068634035469,212.36017472766008
1,roadway_exterior,0,74,51.46119899743822,212.3380505252503
1,roadway_exterior,0,75,51.47382630485197,212.317061304238
1,roadway_exterior,0,76,51.48844704119408,212.2974085598994
1,roadway_exterior,0,77,51.50492084826326,212.2792809574139
1,roadway_exterior,0,78,51.52308957848923,212.2628525206897
1,roadway_exterior,0,79,51.54277881313993,212.2482809617445
1,roadway_exterior,0,80,51.56379953673111,212.23570616667945
1,roadway_exterior,0,81,51.585949951563656,212.22524885278102
1,roadway_exterior,0,82,51.6090174149696,212.21700940964206
1,roadway_exterior,0,83,51.63278048066906,212.21106693542777
1,roadway_exterior,0,84,51.657011024641456,212.20747847753802
1,roadway_exterior,0,85,51.68147643510248,212.20627848495556
1,roadway_exterior,0,86,52.48699489075134,212.20627848495556
1,roadway_exterior,0,87,52.49284466528383,212.20599110396094
1,roadway_exterior,0,88,52.493132046278475,212.2001413294284
1,roadway_exterior,0,89,52.493132046278475,205.52977932678982
1,roadway_exterior,0,90,52.492840129479156,205.523837223832
1,roadway_exterior,0,91,52.49009177373301,205.52253734837248
1,roadway_exterior,0,92,52.473886256857206,205.5158408663243
1,roadway_exterior,0,93,52.452593312862305,205.504528965299
1,roadway_exterior,0,94,52.43248910135989,205.49121847136968
1,roadway_exterior,0,95,52.4137606232233,205.47603319312185
1,roadway_exterior,0,96,52.39658208283589,205.45911437759196
1,roadway_exterior,0,97,52.381113267715556,205.4406193964471
1,roadway_exterior,0,98,52.36749806223878,205.42072028218033
1,roadway_exterior,0,99,52.35586310928905,205.39960212793724
1,roadway_exterior,0,100,52.34631663227828,205.37746136585778
1,roadway_exterior,0,101,52.338947428498436,205.35450393994748
1,roadway_exterior,0,102,52.333824043166636,205.33094339047344
1,roadway_exterior,0,103,52.33099413184656,205.30699886770316
1,roadway_exterior,0,104,52.33048401717654,205.28289309346127
1,roadway_exterior,0,105,52.33229844402751,205.2588502894655
1,roadway_exterior,0,106,52.33642053536822,205.23509409171092
1,roadway_exterior,0,107,52.34281194924825,205.21184547030253
1,roadway_exterior,0,108,52.35141323543861,205.18932067408485
1,roadway_exterior,0,109,52.36214438841265,205.16772921918658
1,roadway_exterior,0,110,52.3749055915236,205.14727194019014
1,roadway_exterior,0,111,52.389578145456824,205.12813912205343
1,roadway_exterior,0,112,52.40602557232066,205.11050873015944
1,roadway_exterior,0,113,52.42409488510602,205.09454475495772
1,roadway_exterior,0,114,52.443618010706885,205.08039568659441
1,roadway_exterior,0,115,52.46441335326524,205.06819313371983
1,roadway_exterior,0,116,52.486287483298945,205.05805059932032
1,roadway_exterior,0,117,52.50903693690099,205.05006242496162
1,roadway_exterior,0,118,52.5324501082747,205.04430291326344
1,roadway_exterior,0,119,52.55630921800138,205.04082563676783
1,roadway_exterior,0,120,52.58039233873236,205.0396629396303
1,roadway_exterior,0,121,58.90902700279605,205.0396629396303
1,roadway_exterior,0,122,58.914876777328544,205.03937555863567
1,roadway_exterior,0,123,58.915164158323186,205.03352578410312
1,roadway_exterior,0,124,58.915164158323186,204.82429829382997
1,roadway_exterior,0,125,58.91636797665514,204.79979400874757
1,roadway_exterior,0,126,58.91996783822238,204.77552571332595
1,roadway_exterior,0,127,58.92592907439013,204.75172712451635
1,roadway_exterior,0,128,58.93419427519537,204.7286274357387
1,roadway_exterior,0,129,58.944683842236095,204.70644910962346
1,roadway_exterior,0,130,58.95729675524755,204.68540573557507
1,roadway_exterior,0,131,58.971911544982504,204.66569997278907
1,roadway_exterior,0,132,58.98838746302655,204.64752159853333
1,roadway_exterior,0,133,59.006565837282274,204.63104568048928
1,roadway_exterior,0,134,59.026271600068284,204.61643089075434
1,roadway_exterior,0,135,59.04731497411669,204.6038179777429
1,roadway_exterior,0,136,59.06949330023191,204.59332841070216
1,roadway_exterior,0,137,59.09259298900957,204.58506320989693
1,roadway_exterior,0,138,59.11639157781915,204.57910197372917
1,roadway_exterior,0,139,59.14065987324079,204.57550211216193
1,roadway_exterior,0,140,59.165164158323186,204.57429829382997
1,roadway_exterior,0,141,171.7682416810525,204.57429829382997
1,roadway_exterior,0,142,171.79253292243794,204.57548122128077
1,roadway_exterior,0,143,171.81659428561338,204.57901880909432
1,roadway_exterior,0,144,171.84019806780282,204.58487757959278
1,roadway_exterior,0,145,171.86312089651108,204.59300208877255
1,roadway_exterior,0,146,171.8851458433915,204.6033154509941
1,roadway_exterior,0,147,171.90606447713,204.61572006658326
1,roadway_exterior,0,148,171.9256788359179,204.6300985454576
1,roadway_exterior,0,149,171.94380330084763,204.64631481803823
1,roadway_exterior,0,150,171.9602663525025,204.6642154229333
1,roadway_exterior,0,151,171.97491219411663,204.68363095920745
1,roadway_exterior,0,152,171.98760222594538,204.70437768949404
1,roadway_exterior,0,153,171.99821635689273,204.7262592787789
1,roadway_exterior,0,154,172.00665414098376,204.74906865240104
1,roadway_exterior,0,155,172.01283572792707,204.7725899556868
1,roadway_exterior,0,156,172.07197313826617,205.0523254690672
1,roadway_exterior,0,157,172.07346248454417,205.05799251958726
1,roadway_exterior,0,158,172.07931503831034,205.0582775254623
1,roadway_exterior,0,159,176.9843244938927,205.0582775254623
1,roadway_exterior,0,160,177.00866896624237,205.05946565543593
1,roadway_exterior,0,161,177.0327820434137,205.06301875213418
1,roadway_exterior,0,162,177.05643452964878,205.0689030432315
1,roadway_exterior,0,163,177.0794016071248,205.07706259830695
1,roadway_exterior,0,164,177.1014649728565,205.08741986046482
1,roadway_exterior,0,165,177.12241491367473,205.09987638351623
1,roadway_exterior,0,166,177.14205229955846,205.11431376771395
1,roadway_exterior,0,167,177.1601904763735,205.13059478514668
1,roadway_exterior,0,168,177.17665704002746,205.14856468409596
1,roadway_exterior,0,169,177.19129547517772,205.16805265995723
1,roadway_exterior,0,170,177.20396664291567,205.18887347874457
1,roadway_exterior,0,171,177.2145501032878,205.21082923774694
1,roadway_exterior,0,172,177.22294526008216,205.23371124660142
1,roadway_exterior,0,173,177.22907231699938,205.25730201090337
1,roadway_exterior,0,174,177.29940372272847,205.59498292687195
1,roadway_exterior,0,175,177.30295313437844,205.61682970626777
1,roadway_exterior,0,176,177.30455637206902,205.63890479906343
1,roadway_exterior,0,177,177.43405490689574,210.22685289006742
1,roadway_exterior,0,178,177.4345257128022,210.23284087175284
1,roadway_exterior,0,179,177.44051025346343,210.23335356653234
1,roadway_exterior,0,180,177.8621033345719,210.24820643930852
1,roadway_exterior,0,181,177.88606623619813,210.2502078306775
1,roadway_exterior,0,182,177.90972600824253,210.25450217679378
1,roadway_exterior,0,183,177.93286375949555,210.26104974800083
1,roadway_exterior,0,184,177.95526542828543,210.26978996866094
1,roadway_exterior,0,185,177.9767237628953,210.2806419775778
1,roadway_exterior,0,186,177.99704023897712,210.29350537609352
1,roadway_exterior,0,187,178.01602689622374,210.30826115693898
1,roadway_exterior,0,188,178.03350807730573,210.32477280524367
1,roadway_exterior,0,189,178.04932205298653,210.34288756151932
1,roadway_exterior,0,190,178.06332251837955,210.3624378349327
1,roadway_exterior,0,191,178.0753799465055,210.3832427537921
1,roadway_exterior,0,192,178.08538278662664,210.4051098389035
1,roadway_exterior,0,193,178.09323849627177,210.42783678431488
1,roadway_exterior,0,194,178.09887439740393,210.45121332897372
1,roadway_exterior,0,195,178.1022383488101,210.47502320198257
1,roadway_exterior,0,196,178.1032992284916,210.49904612345478
1,roadway_exterior,0,197,177.7693191758029,294.4393660325479
1,roadway_exterior,0,198,177.7695845987081,294.4452299389796
1,roadway_exterior,0,199,177.77544740267416,294.44551869079186
1,roadway_exterior,0,200,189.89987966813018,294.44551869079186
1,roadway_exterior,0,201,189.90571923765546,294.4452323804917
1,roadway_exterior,0,202,189.90602372210844,294.439393730387
1,roadway_exterior,0,203,190.16591556109861,210.9398586034019
1,roadway_exterior,0,204,190.16724686358944,210.91485919183884
1,roadway_exterior,0,205,190.17107177556522,210.89011827445088
1,roadway_exterior,0,206,190.17735194124046,210.86588395036475
1,roadway_exterior,0,207,190.18602438382268,210.84239923864675
1,roadway_exterior,0,208,190.19700213703666,210.81989964133493
1,roadway_exterior,0,209,190.21017511721232,210.79861078185135
1,roadway_exterior,0,210,190.2254112271915,210.77874614247574
1,roadway_exterior,0,211,190.24255768098323,210.7605049235694
1,roadway_exterior,0,212,190.26144253588438,210.74407004601642
1,roadway_exterior,0,213,190.28187641670183,210.72960631691362
1,roadway_exterior,0,214,190.30365441478534,210.7172587769038
1,roadway_exterior,0,215,190.32655814282853,210.7071512457243
1,roadway_exterior,0,216,190.350357924832,210.69938508055688
1,roadway_exterior,0,217,190.3748150992684,210.69403815962914
1,roadway_exterior,0,218,190.3996844123533,210.69116410126054
1,roadway_exterior,0,219,190.42471647742238,210.69079172618402
1,roadway_exterior,0,220,191.16560594755907,210.71689352323492
1,roadway_exterior,0,221,191.17151022384445,210.7168089140197
1,roadway_exterior,0,222,191.17192392434697,210.71091854144532
1,roadway_exterior,0,223,191.25983121291827,206.4386243168808
1,roadway_exterior,0,224,191.26150099572604,206.41446919942268
1,roadway_exterior,0,225,191.265499650998,206.39058890147527
1,roadway_exterior,0,226,191.271789670844,206.3672074232419
1,roadway_exterior,0,227,191.28031205408533,206.34454408593405
1,roadway_exterior,0,228,191.29098685969356,206.32281147451096
1,roadway_exterior,0,229,191.30371395664721,206.30221344360572
1,roadway_exterior,0,230,191.31837396317343,206.28294320534326
1,roadway_exterior,0,231,191.3348293665641,206.26518151698625
1,roadway_exterior,0,232,191.35292581306223,206.24909498540916
1,roadway_exterior,0,233,191.37249355571984,206.23483450430487
1,roadway_exterior,0,234,191.39334904664557,206.2225338387827
1,roadway_exterior,0,235,191.41529665870704,206.21230837063496
1,roadway_exterior,0,236,191.43813052053807,206.20425401604115
1,roadway_exterior,0,237,191.46163644763791,206.19844632586205
1,roadway_exterior,0,238,191.4855939514491,206.19493977696325
1,roadway_exterior,0,239,191.50977830756747,206.19376726121516
1,roadway_exterior,0,240,195.4097849089521,206.19376726121516
1,roadway_exterior,0,241,195.4156346834846,206.1934798802205
1,roadway_exterior,0,242,195.41592206447925,206.18763010568802
1,roadway_exterior,0,243,195.41592206447925,190.74996936294184
1,roadway_exterior,0,244,195.41561946544644,190.74397717143597
1,roadway_exterior,0,245,195.40961977138392,190.74393721675557
1,roadway_exterior,0,246,191.00460668983433,190.9369855988155
1,roadway_exterior,0,247,190.9793899362378,190.93681766903106
1,roadway_exterior,0,248,190.9543183852994,190.93411023557772
1,roadway_exterior,0,249,190.92964713016664,190.92889084552363
1,roadway_exterior,0,250,190.9056271911351,190.92121260410502
1,roadway_exterior,0,251,190.88250296161567,190.9111536344016
1,roadway_exterior,0,252,190.8605097215281,190.8988162824648
1,roadway_exterior,0,253,190.8398712434205,190.8843260759872
1,roadway_exterior,0,254,190.82079751567187,190.86783044710762
1,roadway_exterior,0,255,190.80348260594317,190.8494972323473
1,roadway_exterior,0,256,190.78810268661528,190.82951296493943
1,roadway_exterior,0,257,190.7748142423046,190.80808097692704
1,roadway_exterior,0,258,190.7637524776936,190.78541933033964
1,roadway_exterior,0,259,190.7550299418767,190.76175859849795
1,roadway_exterior,0,260,190.74873538321734,190.73733952002135
1,roadway_exterior,0,261,190.74493284636856,190.71241054940734
1,roadway_exterior,0,262,190.74366102064383,190.6872253291048
1,roadway_exterior,0,263,190.74366102064383,190.1382759848977
1,roadway_exterior,0,264,190.7449319040245,190.11310007288304
1,roadway_exterior,0,265,190.74873163300998,190.08818012605377
1,roadway_exterior,0,266,190.75502157550093,190.06376950718007
1,roadway_exterior,0,267,190.7637377812303,190.04011640066062
1,roadway_exterior,0,268,190.7747916319501,190.01746128921528
1,roadway_exterior,0,269,190.7880707424189,189.996034508881
1,roadway_exterior,0,270,190.80344010303034,189.97605390717
1,roadway_exterior,0,271,190.82074345246457,189.95772262819955
1,roadway_exterior,0,272,190.8398048664078,189.94122704731188
1,roadway_exterior,0,273,190.86043054618648,189.92673487618387
1,roadway_exterior,0,274,190.88241078913148,189.914393457691
1,roadway_exterior,0,275,190.90552212063906,189.90432826786255
1,roadway_exterior,0,276,190.9295295662523,189.89664164015832
1,roadway_exterior,0,277,190.95418904066207,189.8914117250375
1,roadway_exterior,0,278,190.97924982933873,189.8886916953978
1,roadway_exterior,0,279,191.00445713756358,189.88850920596292
1,roadway_exterior,0,280,191.02955468094387,189.89086611211516
1,roadway_exterior,0,281,192.2824309762466,190.0726305487394
1,roadway_exterior,0,282,192.28837086218195,190.0731883624462
1,roadway_exterior,0,283,192.28867164470094,190.06722992884892
1,roadway_exterior,0,284,192.28867164470094,185.22145444018605
1,roadway_exterior,0,285,192.28836466750352,185.21539197548466
1,roadway_exterior,0,286,192.28242129201155,185.2141574711229
1,roadway_exterior,0,287,191.19750199281617,185.0455171655485
1,roadway_exterior,0,288,191.1727202120871,185.040368395568
1,roadway_exterior,0,289,191.14858605587435,185.03274022460025
1,roadway_exterior,0,290,191.12534690757673,185.0227108440203
1,roadway_exterior,0,291,191.10324097645432,185.01038305842732
1,roadway_exterior,0,292,191.08249485590142,184.99588323186217
1,roadway_exterior,0,293,191.0633212007865,184.97935999253235
1,roadway_exterior,0,294,191.04591654766674,184.96098270932194
1,roadway_exterior,0,295,191.03045930022054,184.9409397557022
1,roadway_exterior,0,296,191.01710790054867,184.91943657883886
1,roadway_exterior,0,297,191.00599920508816,184.8966935936878
1,roadway_exterior,0,298,190.9972470817868,184.8729439236662
1,roadway_exterior,0,299,190.9909412429176,184.84843101105733
1,roadway_exterior,0,300,190.98714632549692,184.82340612164327
1,roadway_exterior,0,301,190.98590122873316,184.79812576914446
1,roadway_exterior,0,302,191.17163654598238,55.08058020228819
1,roadway_exterior,0,303,191.1728131676065,55.05670896764361
1,roadway_exterior,0,304,191.1762639142539,55.03305917632363
1,roadway_exterior,0,305,191.18195724774097,55.009846976175695
1,roadway_exterior,0,306,191.18984113370672,54.98728451567198
1,roadway_exterior,0,307,191.19984351718222,54.96557800497329
1,roadway_exterior,0,308,191.21187298113844,54.94492583126618
1,roadway_exterior,0,309,191.22581958199478,54.92551674559846
1,roadway_exterior,0,310,191.2415558544508,54.90752813778429
1,roadway_exterior,0,311,191.25893797645878,54.89112441514571
1,roadway_exterior,0,312,191.27780708368851,54.87645549990784
1,roadway_exterior,0,313,191.297990721472,54.86365545898103
1,roadway_exterior,0,314,191.319304420957,54.852841278653074
1,roadway_exterior,0,315,191.34155338506469,54.844111795390134
1,roadway_exterior,0,316,191.35227239019903,54.84048716070597
1,roadway_exterior,0,317,191.3576651222621,54.838370954802706
1,roadway_exterior,0,318,191.35794235310027,54.832584502557154
1,roadway_exterior,0,319,191.35794235310027,47.90333972995493
1,roadway_exterior,0,320,191.35914617143223,47.878835444872536
1,roadway_exterior,0,321,191.36274603299947,47.854567149450894
1,roadway_exterior,0,322,191.36870726916723,47.83076856064131
1,roadway_exterior,0,323,191.37697246997246,47.807668871863655
1,roadway_exterior,0,324,191.3874620370132,47.78549054574843
1,roadway_exterior,0,325,191.40007495002465,47.76444717170003
1,roadway_exterior,0,326,191.41468973975958,47.74474140891402
1,roadway_exterior,0,327,191.43116565780363,47.72656303465829
1,roadway_exterior,0,328,191.44934403205937,47.71008711661425
1,roadway_exterior,0,329,191.46904979484538,47.69547232687929
1,roadway_exterior,0,330,191.49009316889376,47.68285941386784
1,roadway_exterior,0,331,191.512271495009,47.67236984682711
1,roadway_exterior,0,332,191.53537118378665,47.664104646021876
1,roadway_exterior,0,333,191.55916977259625,47.65814340985412
1,roadway_exterior,0,334,191.58343806801787,47.65454354828688
1,roadway_exterior,0,335,191.60794235310027,47.65333972995493
1,roadway_exterior,0,336,196.37774337221677,47.65333972995493
1,roadway_exterior,0,337,196.38359314674932,47.65305234896029
1,roadway_exterior,0,338,196.38388052774394,47.647202574427794
1,roadway_exterior,0,339,196.38388052774394,30.068693274229176
1,roadway_exterior,0,340,196.38359314674932,30.062843499696687
1,roadway_exterior,0,341,196.37774337221668,30.062556118702037
1,roadway_exterior,0,342,191.60794235310027,30.062556118702037
1,roadway_exterior,0,343,191.58343806801787,30.061352300370086
1,roadway_exterior,0,344,191.55916977259625,30.057752438802844
1,roadway_exterior,0,345,191.53537118378665,30.05179120263509
1,roadway_exterior,0,346,191.512271495009,30.04352600182986
1,roadway_exterior,0,347,191.49009316889376,30.033036434789125
1,roadway_exterior,0,348,191.46904979484538,30.020423521777673
1,roadway_exterior,0,349,191.44934403205937,30.005808732042723
1,roadway_exterior,0,350,191.43116565780363,29.989332813998676
1,roadway_exterior,0,351,191.41468973975958,29.97115443974295
1,roadway_exterior,0,352,191.40007495002465,29.95144867695694
1,roadway_exterior,0,353,191.3874620370132,29.930405302908536
1,roadway_exterior,0,354,191.37697246997246,29.90822697679331
1,roadway_exterior,0,355,191.36870726916723,29.885127288015653
1,roadway_exterior,0,356,191.36274603299947,29.86132869920607
1,roadway_exterior,0,357,191.35914617143223,29.837060403784427
1,roadway_exterior,0,358,191.35794235310027,29.812556118702037
1,roadway_exterior,0,359,191.35794235310027,24.262815723297603
1,roadway_exterior,0,360,191.35914617143223,24.238311438215213
1,roadway_exterior,0,361,191.36274603299947,24.21404314279357
1,roadway_exterior,0,362,191.36870726916723,24.190244553983987
1,roadway_exterior,0,363,191.37697246997246,24.167144865206332
1,roadway_exterior,0,364,191.3874620370132,24.144966539091104
1,roadway_exterior,0,365,191.40007495002465,24.1239231650427
1,roadway_exterior,0,366,191.41468973975958,24.10421740225669
1,roadway_exterior,0,367,191.43116565780363,24.086039028000965
1,roadway_exterior,0,368,191.44934403205937,24.069563109956917
1,roadway_exterior,0,369,191.46904979484538,24.054948320221968
1,roadway_exterior,0,370,191.49009316889376,24.042335407210516
1,roadway_exterior,0,371,191.512271495009,24.03184584016978
1,roadway_exterior,0,372,191.53537118378665,24.02358063936455
1,roadway_exterior,0,373,191.55916977259625,24.017619403196797
1,roadway_exterior,0,374,191.58343806801787,24.014019541629555
1,roadway_exterior,0,375,191.60794235310027,24.012815723297603
1,roadway_exterior,0,376,191.72409691421328,24.012815723297603
1,roadway_exterior,0,377,191.7299466887459,24.012528342302954
1,roadway_exterior,0,378,191.73023406974053,24.006678567770464
1,roadway_exterior,0,379,191.73023406974053,17.131556120979692
1,roadway_exterior,0,380,191.7299466887459,17.125706346447203
1,roadway_exterior,0,381,191.72409691421328,17.125418965452553
1,roadway_exterior,0,382,177.9615777095777,17.125418965452553
1,roadway_exterior,0,383,177.95572793504508,17.125706346447203
1,roadway_exterior,0,384,177.95544055405045,17.131556120979692
1,roadway_exterior,0,385,177.95544055405045,24.006678567770464
1,roadway_exterior,0,386,177.95572793504508,24.012528342302954
1,roadway_exterior,0,387,177.9615777095777,24.012815723297603
1,roadway_exterior,0,388,178.3946467560432,24.012815723297603
1,roadway_exterior,0,389,178.4196016019916,24.014064330007653
1,roadway_exterior,0,390,178.44430717763518,24.017797677988064
1,roadway_exterior,0,391,178.46851670259377,24.02397847537213
1,roadway_exterior,0,392,178.4919883514649,24.03254498307915
1,roadway_exterior,0,393,178.51448766938236,24.043411631517085
1,roadway_exterior,0,394,178.53578991395153,24.05646987532469
1,roadway_exterior,0,395,178.55568230016837,24.071589277615256
1,roadway_exterior,0,396,178.5739661258976,24.088618812891564
1,roadway_exterior,0,397,178.5904587566793,24.107388375617493
1,roadway_exterior,0,398,178.60499545003782,24.127710479377328
1,roadway_exterior,0,399,178.61743100107012,24.149382129650135
1,roadway_exterior,0,400,178.62764119287655,24.172186851492327
1,roadway_exterior,0,401,178.63552403734514,24.195896851874203
1,roadway_exterior,0,402,178.64100079389584,24.22027529507118
1,roadway_exterior,0,403,178.64401675600888,24.245078668381215
1,roadway_exterior,0,404,178.64454179767998,24.27005921453753
1,roadway_exterior,0,405,178.6425706743447,24.29496740651971
1,roadway_exterior,0,406,178.63812307526567,24.319554440042612
1,roadway_exterior,0,407,178.63124342685927,24.34357471882593
1,roadway_exterior,0,408,178.62200044892683,24.366788307819544
1,roadway_exterior,0,409,178.61048646822246,24.388963329879594
1,roadway_exterior,0,410,174.84473195791585,30.832203845220683
1,roadway_exterior,0,411,174.83183400932043,30.852051583062682
1,roadway_exterior,0,412,174.81711676160273,30.870590525724854
1,roadway_exterior,0,413,174.8007121495375,30.887654478326873
1,roadway_exterior,0,414,174.78276723450725,30.903090468738
1,roadway_exterior,0,415,174.76344288615059,30.916760118916624
1,roadway_exterior,0,416,174.74291234022436,30.92854088541909
1,roadway_exterior,0,417,174.72135964560798,30.938327157957108
1,roadway_exterior,0,418,174.6989780143723,30.946031206155602
1,roadway_exterior,0,419,174.6759680897035,30.95158396602361
1,roadway_exterior,0,420,174.65253614721001,30.954935659087862
1,roadway_exterior,0,421,174.62889224573658,30.95605623863869
1,roadway_exterior,0,422,168.09584721861046,30.95605623863869
1,roadway_exterior,0,423,168.08999744407782,30.95634361963334
1,roadway_exterior,0,424,168.0897100630832,30.96219339416583
1,roadway_exterior,0,425,168.0897100630832,31.040624579766245
1,roadway_exterior,0,426,168.08850321831855,31.06515957330688
1,roadway_exterior,0,427,168.0848943358189,31.08945768741947
1,roadway_exterior,0,428,168.07891825847182,31.113284329689556
1,roadway_exterior,0,429,168.07063268385863,31.13640945964928
1,roadway_exterior,0,430,168.06011760719807,31.158609809762446
1,roadway_exterior,0,431,168.04747454901187,31.179671041018594
1,roadway_exterior,0,432,168.03282557496868,31.199389812324302
1,roadway_exterior,0,433,168.01631211736955,31.217575743712242
1,roadway_exterior,0,434,167.9980936096533,31.234053254413727
1,roadway_exterior,0,435,167.97834594710517,31.24866325804856
1,roadway_exterior,0,436,167.95725978863044,31.261264698565554
1,roadway_exterior,0,437,167.93503871598878,31.271735912104592
1,roadway_exterior,0,438,167.91189726826173,31.27997580163176
1,roadway_exterior,0,439,167.88805887052948,31.285904813006763
1,roadway_exterior,0,440,167.86375367675612,31.289465703058895
1,roadway_exterior,0,441,167.83921634770846,31.290624092256028
1,roadway_exterior,0,442,64.65597326339245,31.086851080778924
1,roadway_exterior,0,443,64.63150210627127,31.085601955507457
1,roadway_exterior,0,444,64.60727077084036,31.08196324309395
1,roadway_exterior,0,445,64.58351203216483,31.07596989833986
1,roadway_exterior,0,446,64.56045412537262,31.067679495505562
1,roadway_exterior,0,447,64.53831855314442,31.05717167523096
1,roadway_exterior,0,448,64.51731795787796,31.0445473794784
1,roadway_exterior,0,449,64.49765407896747,31.029927881847268
1,roadway_exterior,0,450,64.47951581482121,31.01345362257548
1,roadway_exterior,0,451,64.46307740823443,30.99528285941922
1,roadway_exterior,0,452,64.44849677254929,30.975590147371083
1,roadway_exterior,0,453,64.43591397468167,30.954564661821017
1,roadway_exterior,0,454,64.4254498895871,30.932408381268385
1,roadway_exterior,0,455,64.4172050390918,30.90933414704266
1,roadway_exterior,0,456,64.41125862624325,30.88556361867184
1,roadway_exterior,0,457,64.4076677744568,30.861325144539972
1,roadway_exterior,0,458,64.40646697876721,30.83685156828914
1,roadway_exterior,0,459,64.40646697876721,30.403755819205497
1,roadway_exterior,0,460,64.40617959777256,30.397906044672933
1,roadway_exterior,0,461,64.40032982323996,30.397618663678283
1,roadway_exterior,0,462,53.8600071961993,30.397618663678283
1,roadway_exterior,0,463,53.835502911116905,30.39641484534633
1,roadway_exterior,0,464,53.81123461569526,30.39281498377909
1,roadway_exterior,0,465,53.78743602688568,30.386853747611337
1,roadway_exterior,0,466,53.76433633810802,30.378588546806107
1,roadway_exterior,0,467,53.7421580119928,30.36809897976537
1,roadway_exterior,0,468,53.721114637944396,30.35548606675392
1,roadway_exterior,0,469,53.701408875158386,30.34087127701897
1,roadway_exterior,0,470,53.68323050090266,30.324395358974922
1,roadway_exterior,0,471,53.666754582858616,30.306216984719196
1,roadway_exterior,0,472,53.65213979312366,30.286511221933186
1,roadway_exterior,0,473,53.63952688011221,30.265467847884782
1,roadway_exterior,0,474,53.62903731307148,30.243289521769555
1,roadway_exterior,0,475,53.620772112266245,30.2201898329919
1,roadway_exterior,0,476,53.61481087609849,30.196391244182315
1,roadway_exterior,0,477,53.61121101453125,30.172122948760673
1,roadway_exterior,0,478,53.6100071961993,30.147618663678283
1,roadway_exterior,0,479,53.6100071961993,24.093411222152834
1,roadway_exterior,0,480,53.609719815204656,24.087561447620306
1,roadway_exterior,0,481,53.60387004067205,24.087274066625657
1,roadway_exterior,0,482,52.13196343439374,24.087274066625657
1,roadway_exterior,0,483,52.10726674870472,24.08605122336634
1,roadway_exterior,0,484,52.082811664420674,24.08239465635348
1,roadway_exterior,0,485,52.05883741942139,24.076340136853666
1,roadway_exterior,0,486,52.03557854765802,24.067946894693772
1,roadway_exterior,0,487,52.01326258476702,24.057297038830594
1,roadway_exterior,0,488,51.992107842146744,24.044494754099766
1,roadway_exterior,0,489,51.97232127127253,24.029665282001982
1,roadway_exterior,0,490,51.954096439142916,24.012953695497202
1,roadway_exterior,0,491,51.937611634662886,23.994523479792697
1,roadway_exterior,0,492,51.92302812448876,23.97455493300881
1,roadway_exterior,0,493,51.91048857539744,23.9532434023682
1,roadway_exterior,0,494,51.90011565861357,23.930797373163593
1,roadway_exterior,0,495,51.89201084974811,23.907436429199066
1,roadway_exterior,0,496,51.886253436088175,23.883389104657496
1,roadway_exterior,0,497,51.88289974094963,23.858890648408643
1,roadway_exterior,0,498,51.88198257268045,23.834180722629206
1,roadway_exterior,0,499,52.17660755137433,0.024799631930000093
1,roadway_exterior,0,500,52.176388803888635,0.018906237753878202
1,roadway_exterior,0,501,52.17049856751533,0.01861458583201364
1,roadway_exterior,0,502,30.720158437150598,0.01861458583201364
1,roadway_exterior,0,503,30.714346752132812,0.01889798375177087
1,roadway_exterior,0,504,30.713995956877657,0.024705990278635053
1,roadway_exterior,0,505,30.43771442424162,23.84017410350508
1,roadway_exterior,0,506,30.43624622578334,23.86448260284531
1,roadway_exterior,0,507,30.432419883597913,23.88853292201922
1,roadway_exterior,0,508,30.42627170561657,23.912096848992384
1,roadway_exterior,0,509,30.41786003153098,23.934950787076765
1,roadway_exterior,0,510,30.407264679211423,23.956877876626255
1,roadway_exterior,0,511,30.394586187319803,23.977670052804832
1,roadway_exterior,0,512,30.379944861304345,23.99713001990131
1,roadway_exterior,0,513,30.3634796318284,24.015073123456474
1,roadway_exterior,0,514,30.34534673646573,24.031329102438168
1,roadway_exterior,0,515,30.325718237171554,24.045743704838006
1,roadway_exterior,0,516,30.30478038759699,24.058180151359412
1,roadway_exterior,0,517,30.282731865739333,24.068520433308144
1,roadway_exterior,0,518,30.25978188869848,24.07666643236973
1,roadway_exterior,0,519,30.236148227428437,24.082540851648233
1,roadway_exterior,0,520,30.21205514032179,24.086087949131883
1,roadway_exterior,0,521,30.187731245235316,24.087274066625657
1,roadway_exterior,0,522,29.696401557589013,24.087274066625657
1,roadway_exterior,0,523,29.690551783056414,24.087561447620306
1,roadway_exterior,0,524,29.690264402061764,24.093411222152906
1,roadway_exterior,0,525,29.690264402061764,30.391481508151035
1,roadway_exterior,0,526,29.690551783056414,30.397331282683634
1,roadway_exterior,0,527,29.696401557589013,30.397618663678283
1,roadway_exterior,0,528,29.998701977022172,30.397618663678283
1,roadway_exterior,0,529,30.023206262104562,30.398822482010235
1,roadway_exterior,0,530,30.047474557526204,30.402422343577477
1,roadway_exterior,0,531,30.071273146335788,30.40838357974523
1,roadway_exterior,0,532,30.094372835113443,30.41664878055046
1,roadway_exterior,0,533,30.11655116122867,30.427138347591196
1,roadway_exterior,0,534,30.137594535277074,30.439751260602648
1,roadway_exterior,0,535,30.157300298063085,30.454366050337597
1,roadway_exterior,0,536,30.17547867231881,30.470841968381645
1,roadway_exterior,0,537,30.191954590362858,30.48902034263737
1,roadway_exterior,0,538,30.206569380097807,30.50872610542338
1,roadway_exterior,0,539,30.21918229310926,30.529769479471785
1,roadway_exterior,0,540,30.229671860149995,30.551947805587012
1,roadway_exterior,0,541,30.237937060955225,30.575047494364668
1,roadway_exterior,0,542,30.24389829712298,30.59884608317425
1,roadway_exterior,0,543,30.24749815869022,30.623114378595893
1,roadway_exterior,0,544,30.248701977022172,30.647618663678283
1,roadway_exterior,0,545,30.248701977022172,45.63495407591363
1,roadway_exterior,0,546,30.24749815869022,45.65945836099603
1,roadway_exterior,0,547,30.24389829712298,45.68372665641767
1,roadway_exterior,0,548,30.237937060955225,45.70752524522725
1,roadway_exterior,0,549,30.229671860149995,45.73062493400491
1,roadway_exterior,0,550,30.21918229310926,45.75280326012013
1,roadway_exterior,0,551,30.206569380097807,45.773846634168535
1,roadway_exterior,0,552,30.191954590362858,45.793552396954546
1,roadway_exterior,0,553,30.17547867231881,45.81173077121027
1,roadway_exterior,0,554,30.157300298063085,45.828206689254316
1,roadway_exterior,0,555,30.137594535277074,45.84282147898927
1,roadway_exterior,0,556,30.11655116122867,45.855434392000724
1,roadway_exterior,0,557,30.094372835113443,45.86592395904145
1,roadway_exterior,0,558,30.071273146335788,45.874189159846686
1,roadway_exterior,0,559,30.047474557526204,45.88015039601444
1,roadway_exterior,0,560,30.023206262104562,45.88375025758168
1,roadway_exterior,0,561,29.998701977022172,45.88495407591363
1,roadway_exterior,0,562,29.696401557588942,45.88495407591363
1,roadway_exterior,0,563,29.690551783056414,45.885241456908275
1,roadway_exterior,0,564,29.690264402061764,45.89109123144088
1,roadway_exterior,0,565,29.690264402061764,52.39392196159116
1,roadway_exterior,0,566,29.690551783056414,52.39977173612377
1,roadway_exterior,0,567,29.696401557588942,52.40005911711841
1,roadway_exterior,0,568,29.811850503396343,52.40005911711841
1,roadway_exterior,0,569,29.836398614818098,52.401267255865626
1,roadway_exterior,0,570,29.860709466043218,52.40487999531341
1,roadway_exterior,0,571,29.884548090020957,52.41086241793768
1,roadway_exterior,0,572,29.907684083828855,52.419156702965836
1,roadway_exterior,0,573,29.929893835542313,52.429682685220904
1,roadway_exterior,0,574,29.950962685468447,52.44233862992676
1,roadway_exterior,0,575,29.970687000855612,52.45700221598594
1,roadway_exterior,0,576,29.988876144026356,52.473531718226525
1,roadway_exterior,0,577,30.005354314911536,52.491767377191486
1,roadway_exterior,0,578,30.01996225017731,52.5115329432314
1,roadway_exterior,0,579,30.032558762522797,52.53263737997673
1,roadway_exterior,0,580,30.043022105270833,52.5548767107253
1,roadway_exterior,0,581,30.051251149063027,52.57803598989962
1,roadway_exterior,0,582,30.057166359286114,52.60189138051943
1,roadway_exterior,0,583,30.060710564782752,52.62621231761086
1,roadway_exterior,0,584,30.061849510417023,52.65076373664214
1,roadway_exterior,0,585,29.69096703842162,184.23986480061097
1,roadway_exterior,0,586,29.689698596283954,184.26432178065835
1,roadway_exterior,0,587,29.68604332442894,184.28853730886152
1,roadway_exterior,0,588,29.68003629901014,184.31227901191988
1,roadway_exterior,0,589,29.671735163714366,184.33531906338024
1,roadway_exterior,0,590,29.661219576610257,184.3574363698697
1,roadway_exterior,0,591,29.64859044574588,184.37841869271787
1,roadway_exterior,0,592,29.63396896083053,184.3980646846084
1,roadway_exterior,0,593,29.61749543029282,184.41618582171725
1,roadway_exterior,0,594,29.599327934874683,184.43260821279546
1,roadway_exterior,0,595,29.579640810681433,184.44717426783768
1,roadway_exterior,0,596,29.558622976244628,184.45974421032287
1,roadway_exterior,0,597,29.53647611965135,184.47019741851608
1,roadway_exterior,0,598,29.5134127631362,184.4784335829601
1,roadway_exterior,0,599,29.489654223708353,184.4843736690495
1,roadway_exterior,0,600,29.46542848938358,184.48796067545027
1,roadway_exterior,0,601,29.44096803140094,184.48916018108724
1,roadway_exterior,0,602,28.858745195148288,184.48916018108724
1,roadway_exterior,0,603,28.8528954206158,184.48944756208186
1,roadway_exterior,0,604,28.85260803962115,184.4952973366145
1,roadway_exterior,0,605,28.85260803962115,190.92179649478012
1,roadway_exterior,0,606,28.851404221289197,190.94630077986253
1,roadway_exterior,0,607,28.847804359721955,190.97056907528415
1,roadway_exterior,0,608,28.841843123554202,190.99436766409374
1,roadway_exterior,0,609,28.833577922748972,191.0174673528714
1,roadway_exterior,0,610,28.823088355708236,191.03964567898663
1,roadway_exterior,0,611,28.810475442696784,191.06068905303502
1,roadway_exterior,0,612,28.795860652961835,191.08039481582102
1,roadway_exterior,0,613,28.779384734917787,191.09857319007676
1,roadway_exterior,0,614,28.76120636066206,191.11504910812081
1,roadway_exterior,0,615,28.74150059787605,191.12966389785575
1,roadway_exterior,0,616,28.720457223827648,191.1422768108672
1,roadway_exterior,0,617,28.69827889771242,191.15276637790794
1,roadway_exterior,0,618,28.675179208934765,191.16103157871316
1,roadway_exterior,0,619,28.65138062012518,191.16699281488093
1,roadway_exterior,0,620,28.62711232470354,191.17059267644817
1,roadway_exterior,0,621,28.60260803962115,191.17179649478012
1,roadway_exterior,0,622,22.250567224783445,191.17179649478012
1,roadway_exterior,0,623,22.244717450250956,191.17208387577475
1,roadway_exterior,0,624,22.244430069256307,191.17793365030738
1,roadway_exterior,0,625,22.244430069256307,192.03867164470094
1,roadway_exterior,0,626,22.243226250924355,192.06317592978334
1,roadway_exterior,0,627,22.239626389357113,192.08744422520496
1,roadway_exterior,0,628,22.23366515318936,192.11124281401456
1,roadway_exterior,0,629,22.22539995238413,192.1343425027922
1,roadway_exterior,0,630,22.214910385343394,192.15652082890745
1,roadway_exterior,0,631,22.202297472331942,192.17756420295584
1,roadway_exterior,0,632,22.187682682596993,192.19726996574184
1,roadway_exterior,0,633,22.171206764552945,192.21544833999758
1,roadway_exterior,0,634,22.15302839029722,192.23192425804163
1,roadway_exterior,0,635,22.13332262751121,192.24653904777657
1,roadway_exterior,0,636,22.112279253462805,192.25915196078802
1,roadway_exterior,0,637,22.090100927347578,192.26964152782875
1,roadway_exterior,0,638,22.067001238569922,192.27790672863398
1,roadway_exterior,0,639,22.04320264976034,192.28386796480174
1,roadway_exterior,0,640,22.018934354338697,192.28746782636898
1,roadway_exterior,0,641,21.994430069256307,192.28867164470094
1,roadway_exterior,0,642,0.024751741359153614,192.28867164470094
1,roadway_exterior,0,643,0.018901966826661298,192.28895902569556
1,roadway_exterior,0,644,0.01861458583201364,192.29480880022817
1,roadway_exterior,0,645,0.01861458583201364,204.19586942166245
1,roadway_exterior,0,646,0.01890196682666119,204.20171919619506
1,roadway_hole_0,1,0,52.49284466528383,184.48944756208186
1,roadway_hole_0,1,1,52.48699489075134,184.48916018108724
1,roadway_hole_0,1,2,52.055168656557896,184.48916018108724
1,roadway_hole_0,1,3,52.03061616257089,184.48795160987655
1,roadway_hole_0,1,4,52.00630105608294,184.4843375813994
1,roadway_hole_0,1,5,51.982458429395564,184.47835303814196
1,roadway_hole_0,1,6,51.95931880660636,184.4700558420778
1,roadway_hole_0,1,7,51.93710591477078,184.45952621522525
1,roadway_hole_0,1,8,51.916034520781444,184.44686596401527
1,roadway_hole_0,1,9,51.89630835487952,184.43219749496893
1,roadway_hole_0,1,10,51.878118140874655,184.4156626312014
1,roadway_hole_0,1,11,51.861639752118556,184.39742124119525
1,roadway_hole_0,1,12,51.847032511061215,184.37764969310092
1,roadway_hole_0,1,13,51.834437648830715,184.35653914950896
1,roadway_hole_0,1,14,51.823976939730215,184.33429371918118
1,roadway_hole_0,1,15,51.8157515238546,184.31112848361087
1,roadway_hole_0,1,16,51.80984092921047,184.28726741749247
1,roadway_hole_0,1,17,51.80630230279403,184.26294122320652
1,roadway_hole_0,1,18,51.80516985806137,184.23838510025763
1,roadway_hole_0,1,19,52.21314057725631,52.6492840362888
1,roadway_hole_0,1,20,52.21441546802869,52.62483179608687
1,roadway_hole_0,1,21,52.21807626734989,52.600621551443254
1,roadway_hole_0,1,22,52.22408785864236,52.576885541510954
1,roadway_hole_0,1,23,52.23239257512534,52.553851456299874
1,roadway_hole_0,1,24,52.24291075298913,52.531740252537986
1,roadway_hole_0,1,25,52.25554149557802,52.5107640341222
1,roadway_hole_0,1,26,52.2701636412514,52.491124017490826
1,roadway_hole_0,1,27,52.28663692563869,52.47300860143517
1,roadway_hole_0,1,28,52.30480332713912,52.45659155986554
1,roadway_hole_0,1,29,52.32448858275949,52.44203037486793
1,roadway_hole_0,1,30,52.345503859749066,52.42946472604165
1,roadway_hole_0,1,31,52.367647566996304,52.41901515060899
1,roadway_hole_0,1,32,52.39070728881141,52.410781887150094
1,roadway_hole_0,1,33,52.41446182254479,52.404843914054496
1,roadway_hole_0,1,34,52.438683300495136,52.40125819191316
1,roadway_hole_0,1,35,52.46313937575284,52.40005911711841
1,roadway_hole_0,1,36,53.60387004067212,52.40005911711841
1,roadway_hole_0,1,37,53.609719815204656,52.39977173612377
1,roadway_hole_0,1,38,53.6100071961993,52.39392196159123
1,roadway_hole_0,1,39,53.6100071961993,46.13495407591363
1,roadway_hole_0,1,40,53.61121101453125,46.11044979083124
1,roadway_hole_0,1,41,53.61481087609849,46.0861814954096
1,roadway_hole_0,1,42,53.620772112266245,46.062382906600014
1,roadway_hole_0,1,43,53.62903731307148,46.03928321782236
1,roadway_hole_0,1,44,53.63952688011221,46.017104891707135
1,roadway_hole_0,1,45,53.65213979312366,45.99606151765873
1,roadway_hole_0,1,46,53.666754582858616,45.97635575487272
1,roadway_hole_0,1,47,53.68323050090266,45.958177380616995
1,roadway_hole_0,1,48,53.701408875158386,45.94170146257295
1,roadway_hole_0,1,49,53.721114637944396,45.927086672837994
1,roadway_hole_0,1,50,53.7421580119928,45.91447375982654
1,roadway_hole_0,1,51,53.76433633810802,45.90398419278581
1,roadway_hole_0,1,52,53.78743602688568,45.89571899198058
1,roadway_hole_0,1,53,53.81123461569526,45.88975775581282
1,roadway_hole_0,1,54,53.835502911116905,45.886157894245585
1,roadway_hole_0,1,55,53.8600071961993,45.88495407591363
1,roadway_hole_0,1,56,57.26907022092216,45.88495407591363
1,roadway_hole_0,1,57,57.29357450600455,45.886157894245585
1,roadway_hole_0,1,58,57.317842801426195,45.88975775581282
1,roadway_hole_0,1,59,57.34164139023578,45.89571899198058
1,roadway_hole_0,1,60,57.364741079013434,45.90398419278581
1,roadway_hole_0,1,61,57.38691940512866,45.91447375982654
1,roadway_hole_0,1,62,57.40796277917706,45.927086672837994
1,roadway_hole_0,1,63,57.42766854196307,45.94170146257295
1,roadway_hole_0,1,64,57.4458469162188,45.958177380616995
1,roadway_hole_0,1,65,57.46232283426284,45.97635575487272
1,roadway_hole_0,1,66,57.4769376239978,45.99606151765873
1,roadway_hole_0,1,67,57.48955053700925,46.017104891707135
1,roadway_hole_0,1,68,57.50004010404998,46.03928321782236
1,roadway_hole_0,1,69,57.50830530485521,46.062382906600014
1,roadway_hole_0,1,70,57.51426654102297,46.0861814954096
1,roadway_hole_0,1,71,57.51786640259021,46.11044979083124
1,roadway_hole_0,1,72,57.51907022092216,46.13495407591363
1,roadway_hole_0,1,73,57.51907022092216,46.3441815661868
1,roadway_hole_0,1,74,57.5193576019168,46.35003134071933
1,roadway_hole_0,1,75,57.52520737644934,46.350318721713975
1,roadway_hole_0,1,76,64.40032982324003,46.350318721713975
1,roadway_hole_0,1,77,64.40617959777256,46.35003134071933
1,roadway_hole_0,1,78,64.40646697876721,46.34418156618676
1,roadway_hole_0,1,79,64.40646697876721,45.91157904592947
1,roadway_hole_0,1,80,64.40767079709916,45.88707476084708
1,roadway_hole_0,1,81,64.41127065866641,45.862806465425436
1,roadway_hole_0,1,82,64.41723189483416,45.83900787661585
1,roadway_hole_0,1,83,64.42549709563939,45.8159081878382
1,roadway_hole_0,1,84,64.43598666268012,45.79372986172297
1,roadway_hole_0,1,85,64.44859957569157,45.77268648767457
1,roadway_hole_0,1,86,64.46321436542652,45.75298072488856
1,roadway_hole_0,1,87,64.47969028347057,45.73480235063283
1,roadway_hole_0,1,88,64.4978686577263,45.71832643258879
1,roadway_hole_0,1,89,64.51757442051232,45.70371164285383
1,roadway_hole_0,1,90,64.53861779456071,45.69109872984238
1,roadway_hole_0,1,91,64.56079612067595,45.68060916280165
1,roadway_hole_0,1,92,64.5838958094536,45.67234396199642
1,roadway_hole_0,1,93,64.60769439826318,45.66638272582866
1,roadway_hole_0,1,94,64.63196269368483,45.66278286426142
1,roadway_hole_0,1,95,64.65646697876721,45.66157904592947
1,roadway_hole_0,1,96,167.8397100630832,45.66157904592947
1,roadway_hole_0,1,97,167.8642143481656,45.66278286426142
1,roadway_hole_0,1,98,167.88848264358722,45.66638272582866
1,roadway_hole_0,1,99,167.91228123239682,45.67234396199642
1,roadway_hole_0,1,100,167.93538092117447,45.68060916280165
1,roadway_hole_0,1,101,167.9575592472897,45.69109872984238
1,roadway_hole_0,1,102,167.9786026213381,45.70371164285383
1,roadway_hole_0,1,103,167.9983083841241,45.71832643258879
1,roadway_hole_0,1,104,168.01648675837984,45.73480235063283
1,roadway_hole_0,1,105,168.0329626764239,45.75298072488856
1,roadway_hole_0,1,106,168.04757746615883,45.77268648767457
1,roadway_hole_0,1,107,168.06019037917028,45.79372986172297
1,roadway_hole_0,1,108,168.07067994621102,45.8159081878382
1,roadway_hole_0,1,109,168.07894514701624,45.83900787661585
1,roadway_hole_0,1,110,168.084906383184,45.862806465425436
1,roadway_hole_0,1,111,168.08850624475124,45.88707476084708
1,roadway_hole_0,1,112,168.0897100630832,45.91157904592947
1,roadway_hole_0,1,113,168.0897100630832,45.91604609205053
1,roadway_hole_0,1,114,168.08999744407782,45.92189586658302
1,roadway_hole_0,1,115,168.09584721861037,45.922183247577664
1,roadway_hole_0,1,116,174.62794145154095,45.922183247577664
1,roadway_hole_0,1,117,174.65171460486636,45.92331614010669
1,roadway_hole_0,1,118,174.6752722987694,45.92670455012993
1,roadway_hole_0,1,119,174.69840102656673,45.93231776801216
1,roadway_hole_0,1,120,174.72089116935487,45.940104920372576
1,roadway_hole_0,1,121,174.74253889581593,45.94999543115731
1,roadway_hole_0,1,122,174.76314800956925,45.961899661280164
1,roadway_hole_0,1,123,174.78253172732687,45.97570972103417
1,roadway_hole_0,1,124,174.80051437173648,45.99130044791117
1,roadway_hole_0,1,125,174.81693296357005,46.00853054096714
1,roadway_hole_0,1,126,174.83163869882742,46.02724384145252
1,roadway_hole_0,1,127,174.84449829736772,46.04727074810078
1,roadway_hole_0,1,128,178.4432058031736,52.28623602198537
1,roadway_hole_0,1,129,178.45506818231675,52.30953819883635
1,roadway_hole_0,1,130,178.4644318105189,52.33395192349733
1,roadway_hole_0,1,131,178.471194256057,52.359210126427755
1,roadway_hole_0,1,132,178.475281542377,52.38503650006922
1,roadway_hole_0,1,133,178.47664895734684,52.41114852146225
1,roadway_hole_0,1,134,178.47664895734684,59.18814192659082
1,roadway_hole_0,1,135,178.4769469206978,59.19410604976743
1,roadway_hole_0,1,136,178.47973446566982,59.194451168376936
1,roadway_hole_0,1,137,178.5035522909242,59.19857754471018
1,roadway_hole_0,1,138,178.52686026427943,59.2049848967033
1,roadway_hole_0,1,139,178.54944047826888,59.213613321686104
1,roadway_hole_0,1,140,178.57108182928636,59.22438215206039
1,roadway_hole_0,1,141,178.59158199120498,59.2371907094656
1,roadway_hole_0,1,142,178.61074930693462,59.25191924602604
1,roadway_hole_0,1,143,178.6284045802342,59.26843006388012
1,roadway_hole_0,1,144,178.6443827510266,59.28656880252481
1,roadway_hole_0,1,145,178.6585344385542,59.306165881940196
1,roadway_hole_0,1,146,178.6707273379473,59.327038088001885
1,roadway_hole_0,1,147,178.68084745714933,59.34899028535954
1,roadway_hole_0,1,148,178.68880018263445,59.371817241767495
1,roadway_hole_0,1,149,178.6945111639546,59.39530554681177
1,roadway_hole_0,1,150,178.69792700884554,59.419235607095295
1,roadway_hole_0,1,151,178.69901578239407,59.44338369922806
1,roadway_hole_0,1,152,178.29121231546142,182.74832288269187
1,roadway_hole_0,1,153,178.28999062005659,182.7721949638192
1,roadway_hole_0,1,154,178.28649463058107,182.79584125009418
1,roadway_hole_0,1,155,178.28075630702375,182.81904556951457
1,roadway_hole_0,1,156,178.272828108569,182.84159579049518
1,roadway_hole_0,1,157,178.26278251402027,182.86328576115386
1,roadway_hole_0,1,158,178.25071135920592,182.88391719393155
1,roadway_hole_0,1,159,178.23672499742523,182.90330147831742
1,roadway_hole_0,1,160,178.22095129060946,182.92126140510743
1,roadway_hole_0,1,161,178.20353444042084,182.93763278643337
1,roadway_hole_0,1,162,178.18463366997523,182.95226595675197
1,roadway_hole_0,1,163,178.16442176824012,182.9650271410725
1,roadway_hole_0,1,164,178.14308351041524,182.97579967791444
1,roadway_hole_0,1,165,178.12081396873583,182.98448508581512
1,roadway_hole_0,1,166,178.09781672914173,182.9910039636375
1,roadway_hole_0,1,167,178.07430203011486,182.9952967164475
1,roadway_hole_0,1,168,178.05048484069997,182.99732410032505
1,roadway_hole_0,1,169,178.02658289527884,182.99706758112788
1,roadway_hole_0,1,170,178.00281470306436,182.99452950392904
1,roadway_hole_0,1,171,177.92413103365578,182.98229888174117
1,roadway_hole_0,1,172,177.91848342893016,182.981696329206
1,roadway_hole_0,1,173,177.91821138238643,182.98736946761207
1,roadway_hole_0,1,174,177.91821138238643,187.88853788117854
1,roadway_hole_0,1,175,177.91707773365528,187.9123189494079
1,roadway_hole_0,1,176,177.9136870687374,187.93588434261466
1,roadway_hole_0,1,177,177.90807013821663,187.95902034177396
1,roadway_hole_0,1,178,177.90027788310226,187.9815171221171
1,roadway_hole_0,1,179,177.89038097283523,188.00317065607214
1,roadway_hole_0,1,180,177.87846916437374,188.0237845636287
1,roadway_hole_0,1,181,177.8646504881701,188.0431718933457
1,roadway_hole_0,1,182,177.84905026842233,188.06115681784917
1,roadway_hole_0,1,183,174.4739184024048,191.59700924891513
1,roadway_hole_0,1,184,174.45557650058876,191.6143764436316
1,roadway_hole_0,1,185,174.43557571304214,191.62980412369265
1,roadway_hole_0,1,186,174.41412022214547,191.64313479227798
1,roadway_hole_0,1,187,174.39142906093403,191.65423236036412
1,roadway_hole_0,1,188,174.36773387705185,191.6629835360188
1,roadway_hole_0,1,189,174.34327656792618,191.66929898096603
1,roadway_hole_0,1,190,174.3183068113053,191.6731142226154
1,roadway_hole_0,1,191,174.2930795163689,191.6743903122445
1,roadway_hole_0,1,192,169.24999318930168,191.6743903122445
1,roadway_hole_0,1,193,169.24416967731594,191.6746783469309
1,roadway_hole_0,1,194,169.2450923675453,191.68043550756516
1,roadway_hole_0,1,195,169.24693041024827,191.68912993324557
1,roadway_hole_0,1,196,169.25083917585218,191.71351882428067
1,roadway_hole_0,1,197,169.25232217049899,191.73817439528088
1,roadway_hole_0,1,198,169.25136491787228,191.762855969823
1,roadway_hole_0,1,199,169.24797676223503,191.7873226176491
1,roadway_hole_0,1,200,169.24219077721503,191.81133550651774
1,roadway_hole_0,1,201,169.23406344295546,191.83466023357514
1,roadway_hole_0,1,202,169.2236740947814,191.85706911348882
1,roadway_hole_0,1,203,169.21112414876455,191.87834340100787
1,roadway_hole_0,1,204,169.19653611174607,191.89827542625412
1,roadway_hole_0,1,205,169.18005238548054,191.91667062190058
1,roadway_hole_0,1,206,169.16183387657517,191.933349422449
1,roadway_hole_0,1,207,169.14205842579298,191.94814901706607
1,roadway_hole_0,1,208,169.12091907205252,191.9609249388686
1,roadway_hole_0,1,209,169.09862216807002,191.97155247514303
1,roadway_hole_0,1,210,169.07538536603857,191.97992788473417
1,roadway_hole_0,1,211,169.05143549300664,191.98596941071887
1,roadway_hole_0,1,212,169.02700633669622,191.9896180784798
1,roadway_hole_0,1,213,169.0023363633737,191.99083827138872
1,roadway_hole_0,1,214,59.165164158323186,191.99083827138872
1,roadway_hole_0,1,215,59.14065987324079,191.98963445305677
1,roadway_hole_0,1,216,59.11639157781915,191.98603459148953
1,roadway_hole_0,1,217,59.09259298900957,191.98007335532176
1,roadway_hole_0,1,218,59.06949330023191,191.97180815451654
1,roadway_hole_0,1,219,59.04731497411669,191.9613185874758
1,roadway_hole_0,1,220,59.026271600068284,191.94870567446435
1,roadway_hole_0,1,221,59.006565837282274,191.93409088472941
1,roadway_hole_0,1,222,58.98838746302655,191.91761496668536
1,roadway_hole_0,1,223,58.971911544982504,191.89943659242962
1,roadway_hole_0,1,224,58.95729675524755,191.87973082964362
1,roadway_hole_0,1,225,58.944683842236095,191.85868745559523
1,roadway_hole_0,1,226,58.93419427519537,191.83650912948
1,roadway_hole_0,1,227,58.92592907439013,191.81340944070234
1,roadway_hole_0,1,228,58.91996783822238,191.78961085189275
1,roadway_hole_0,1,229,58.91636797665514,191.76534255647113
1,roadway_hole_0,1,230,58.915164158323186,191.74083827138872
1,roadway_hole_0,1,231,58.915164158323186,191.49438160945152
1,roadway_hole_0,1,232,58.914876777328544,191.48853183491897
1,roadway_hole_0,1,233,58.90902700279605,191.48824445392435
1,roadway_hole_0,1,234,52.370840329638206,191.48824445392435
1,roadway_hole_0,1,235,52.34633604455581,191.4870406355924
1,roadway_hole_0,1,236,52.32206774913417,191.48344077402515
1,roadway_hole_0,1,237,52.29826916032459,191.4774795378574
1,roadway_hole_0,1,238,52.27516947154693,191.46921433705216
1,roadway_hole_0,1,239,52.25299114543171,191.45872477001143
1,roadway_hole_0,1,240,52.231947771383304,191.44611185699998
1,roadway_hole_0,1,241,52.21224200859729,191.43149706726504
1,roadway_hole_0,1,242,52.19406363434157,191.415021149221
1,roadway_hole_0,1,243,52.17758771629752,191.39684277496525
1,roadway_hole_0,1,244,52.16297292656257,191.37713701217925
1,roadway_hole_0,1,245,52.150360013551115,191.35609363813086
1,roadway_hole_0,1,246,52.139870446510386,191.33391531201562
1,roadway_hole_0,1,247,52.13160524570515,191.31081562323797
1,roadway_hole_0,1,248,52.125644009537396,191.28701703442837
1,roadway_hole_0,1,249,52.12204414797016,191.26274873900675
1,roadway_hole_0,1,250,52.120840329638206,191.23824445392435
1,roadway_hole_0,1,251,52.120840329638206,190.88197350565173
1,roadway_hole_0,1,252,52.12204414797016,190.85746922056933
1,roadway_hole_0,1,253,52.125644009537396,190.8332009251477
1,roadway_hole_0,1,254,52.13160524570515,190.8094023363381
1,roadway_hole_0,1,255,52.139870446510386,190.78630264756046
1,roadway_hole_0,1,256,52.150360013551115,190.76412432144522
1,roadway_hole_0,1,257,52.16297292656257,190.74308094739683
1,roadway_hole_0,1,258,52.17758771629752,190.72337518461083
1,roadway_hole_0,1,259,52.19406363434157,190.7051968103551
1,roadway_hole_0,1,260,52.21224200859729,190.68872089231104
1,roadway_hole_0,1,261,52.231947771383304,190.6741061025761
1,roadway_hole_0,1,262,52.25299114543171,190.66149318956465
1,roadway_hole_0,1,263,52.27516947154693,190.65100362252392
1,roadway_hole_0,1,264,52.29826916032459,190.6427384217187
1,roadway_hole_0,1,265,52.32206774913417,190.63677718555093
1,roadway_hole_0,1,266,52.34633604455581,190.6331773239837
1,roadway_hole_0,1,267,52.370840329638206,190.63197350565173
1,roadway_hole_0,1,268,52.48699489075134,190.63197350565173
1,roadway_hole_0,1,269,52.49284466528383,190.6316861246571
1,roadway_hole_0,1,270,52.493132046278475,190.62583635012456
1,roadway_hole_0,1,271,52.493132046278475,184.4952973366144
1,roadway_hole_0,1,272,52.49284466528383,184.48944756208186
