polygon_id,vertex_index,x,y,kind,area_m2,buffer_m,m_per_px
1,0,87.91890000000001,35.2722,island,636.75,1.5,0.13063734
1,1,90.6624,35.2722,island,636.75,1.5,0.13063734
1,2,94.059,36.1866,island,636.75,1.5,0.13063734
1,3,96.8022,37.4928,island,636.75,1.5,0.13063734
1,4,101.3745,40.7589,island,636.75,1.5,0.13063734
1,5,102.8115,42.1959,island,636.75,1.5,0.13063734
1,6,103.7259,44.1555,island,636.75,1.5,0.13063734
1,7,104.50979999999998,46.6374,island,636.75,1.5,0.13063734
1,8,105.03240000000001,49.3809,island,636.75,1.5,0.13063734
1,9,105.03240000000001,51.732299999999995,island,636.75,1.5,0.13063734
1,10,104.3793,54.606300000000005,island,636.75,1.5,0.13063734
1,11,103.59539999999998,56.4354,island,636.75,1.5,0.13063734
1,12,101.76659999999998,59.3094,island,636.75,1.5,0.13063734
1,13,98.37,62.313900000000004,island,636.75,1.5,0.13063734
1,14,94.9734,63.8817,island,636.75,1.5,0.13063734
1,15,92.0994,64.6656,island,636.75,1.5,0.13063734
1,16,89.4867,64.2735,island,636.75,1.5,0.13063734
1,17,86.0901,63.2286,island,636.75,1.5,0.13063734
1,18,83.7384,62.0526,island,636.75,1.5,0.13063734
1,19,82.3014,61.0077,island,636.75,1.5,0.13063734
1,20,80.4726,59.178599999999996,island,636.75,1.5,0.13063734
1,21,78.38250000000001,56.174099999999996,island,636.75,1.5,0.13063734
1,22,77.46780000000001,53.9532,island,636.75,1.5,0.13063734
1,23,76.8147,50.817899999999995,island,636.75,1.5,0.13063734
1,24,76.8147,47.6826,island,636.75,1.5,0.13063734
1,25,77.46780000000001,45.9843,island,636.75,1.5,0.13063734
1,26,77.5986,44.5473,island,636.75,1.5,0.13063734
1,27,79.6887,40.6281,island,636.75,1.5,0.13063734
1,28,81.2565,38.6688,island,636.75,1.5,0.13063734
1,29,83.9997,36.3171,island,636.75,1.5,0.13063734
1,30,87.91890000000001,35.2722,island,636.75,1.5,0.13063734
2,0,105.68549999999999,63.620400000000004,island,149.4,1.5,0.13063734
2,1,106.46940000000001,62.575199999999995,island,149.4,1.5,0.13063734
2,2,106.73070000000001,61.530300000000004,island,149.4,1.5,0.13063734
2,3,107.2533,61.0077,island,149.4,1.5,0.13063734
2,4,107.64510000000001,60.2238,island,149.4,1.5,0.13063734
2,5,108.29849999999999,59.43990000000001,island,149.4,1.5,0.13063734
2,6,108.69030000000001,58.52550000000001,island,149.4,1.5,0.13063734
2,7,109.21289999999999,57.8724,island,149.4,1.5,0.13063734
2,8,110.2578,55.9128,island,149.4,1.5,0.13063734
2,9,111.04169999999999,53.5614,island,149.4,1.5,0.13063734
2,10,111.303,51.471000000000004,island,149.4,1.5,0.13063734
2,11,111.5643,51.2097,island,149.4,1.5,0.13063734
2,12,112.08689999999999,51.2097,island,149.4,1.5,0.13063734
2,13,114.83009999999999,53.9532,island,149.4,1.5,0.13063734
2,14,114.83009999999999,54.083999999999996,island,149.4,1.5,0.13063734
2,15,118.6188,57.7416,island,149.4,1.5,0.13063734
2,16,120.57839999999999,59.3094,island,149.4,1.5,0.13063734
2,17,121.8846,60.6156,island,149.4,1.5,0.13063734
2,18,125.673,63.620400000000004,island,149.4,1.5,0.13063734
2,19,126.58770000000001,64.5348,island,149.4,1.5,0.13063734
2,20,126.58770000000001,64.7961,island,149.4,1.5,0.13063734
2,21,126.3264,65.0574,island,149.4,1.5,0.13063734
2,22,125.9343,65.1879,island,149.4,1.5,0.13063734
2,23,124.4973,65.1879,island,149.4,1.5,0.13063734
2,24,124.36679999999998,65.3187,island,149.4,1.5,0.13063734
2,25,121.2315,65.3187,island,149.4,1.5,0.13063734
2,26,121.1007,65.4492,island,149.4,1.5,0.13063734
2,27,120.9702,65.3187,island,149.4,1.5,0.13063734
2,28,120.57839999999999,65.4492,island,149.4,1.5,0.13063734
2,29,120.4476,65.3187,island,149.4,1.5,0.13063734
2,30,120.0558,65.4492,island,149.4,1.5,0.13063734
2,31,119.92500000000001,65.3187,island,149.4,1.5,0.13063734
2,32,119.5332,65.4492,island,149.4,1.5,0.13063734
2,33,119.4024,65.3187,island,149.4,1.5,0.13063734
2,34,119.2719,65.4492,island,149.4,1.5,0.13063734
2,35,118.3575,65.4492,island,149.4,1.5,0.13063734
2,36,118.22670000000001,65.58,island,149.4,1.5,0.13063734
2,37,117.4431,65.3187,island,149.4,1.5,0.13063734
2,38,117.18180000000001,65.4492,island,149.4,1.5,0.13063734
2,39,117.05100000000002,65.3187,island,149.4,1.5,0.13063734
2,40,116.6592,65.3187,island,149.4,1.5,0.13063734
2,41,116.52839999999999,65.4492,island,149.4,1.5,0.13063734
2,42,116.3979,65.3187,island,149.4,1.5,0.13063734
2,43,115.87530000000001,65.3187,island,149.4,1.5,0.13063734
2,44,115.7448,65.4492,island,149.4,1.5,0.13063734
2,45,115.61399999999999,65.3187,island,149.4,1.5,0.13063734
2,46,115.22220000000002,65.3187,island,149.4,1.5,0.13063734
2,47,114.4383,65.58,island,149.4,1.5,0.13063734
2,48,114.30780000000001,65.4492,island,149.4,1.5,0.13063734
2,49,114.04650000000001,65.58,island,149.4,1.5,0.13063734
2,50,113.91569999999999,65.4492,island,149.4,1.5,0.13063734
2,51,111.8256,65.4492,island,149.4,1.5,0.13063734
2,52,111.6948,65.3187,island,149.4,1.5,0.13063734
2,53,111.5643,65.4492,island,149.4,1.5,0.13063734
2,54,111.43379999999999,65.3187,island,149.4,1.5,0.13063734
2,55,109.4742,65.0574,island,149.4,1.5,0.13063734
2,56,108.8208,64.7961,island,149.4,1.5,0.13063734
2,57,108.29849999999999,64.7961,island,149.4,1.5,0.13063734
2,58,107.64510000000001,64.5348,island,149.4,1.5,0.13063734
2,59,106.0776,64.2735,island,149.4,1.5,0.13063734
2,60,105.68549999999999,63.8817,island,149.4,1.5,0.13063734
2,61,105.68549999999999,63.620400000000004,island,149.4,1.5,0.13063734
0,0,0.0,56.0433,outer,7994.789999999999,1.5,0.13063734
0,1,-65.0094,44.6511,outer,7994.789999999999,1.5,0.13063734
0,2,-65.0094,57.061800000000005,outer,7994.789999999999,1.5,0.13063734
0,3,0.0,68.45400000000001,outer,7994.789999999999,1.5,0.13063734
0,4,6.7485,69.3588,outer,7994.789999999999,1.5,0.13063734
0,5,36.0558,73.2876,outer,7994.789999999999,1.5,0.13063734
0,6,51.34049999999999,83.7384,outer,7994.789999999999,1.5,0.13063734
0,7,56.3046,93.9282,outer,7994.789999999999,1.5,0.13063734
0,8,71.3658,158.1867,outer,7994.789999999999,1.5,0.13063734
0,9,81.5556,158.1867,outer,7994.789999999999,1.5,0.13063734
0,10,66.4944,93.9282,outer,7994.789999999999,1.5,0.13063734
0,11,67.14750000000001,85.4367,outer,7994.789999999999,1.5,0.13063734
0,12,72.5037,75.5085,outer,7994.789999999999,1.5,0.13063734
0,13,100.9827,75.3777,outer,7994.789999999999,1.5,0.13063734
0,14,122.27669999999999,71.5893,outer,7994.789999999999,1.5,0.13063734
0,15,128.547,73.81020000000001,outer,7994.789999999999,1.5,0.13063734
0,16,146.05259999999998,89.4867,outer,7994.789999999999,1.5,0.13063734
0,17,153.6294,93.9282,outer,7994.789999999999,1.5,0.13063734
0,18,204.34320000000002,136.167,outer,7994.789999999999,1.5,0.13063734
0,19,217.7991,133.4238,outer,7994.789999999999,1.5,0.13063734
0,20,167.0853,91.185,outer,7994.789999999999,1.5,0.13063734
0,21,149.7105,76.16159999999999,outer,7994.789999999999,1.5,0.13063734
0,22,148.6653,72.3732,outer,7994.789999999999,1.5,0.13063734
0,23,153.3681,69.7602,outer,7994.789999999999,1.5,0.13063734
0,24,167.0853,69.36840000000001,outer,7994.789999999999,1.5,0.13063734
0,25,232.93349999999998,64.8927,outer,7994.789999999999,1.5,0.13063734
0,26,232.93349999999998,61.104299999999995,outer,7994.789999999999,1.5,0.13063734
0,27,167.0853,65.58,outer,7994.789999999999,1.5,0.13063734
0,28,136.90800000000002,64.7961,outer,7994.789999999999,1.5,0.13063734
0,29,102.68099999999998,31.353,outer,7994.789999999999,1.5,0.13063734
0,30,124.88940000000001,32.2674,outer,7994.789999999999,1.5,0.13063734
0,31,164.7336,38.7993,outer,7994.789999999999,1.5,0.13063734
0,32,167.0853,38.1462,outer,7994.789999999999,1.5,0.13063734
0,33,232.4355,47.385,outer,7994.789999999999,1.5,0.13063734
0,34,232.4355,42.8127,outer,7994.789999999999,1.5,0.13063734
0,35,167.0853,33.5739,outer,7994.789999999999,1.5,0.13063734
0,36,101.50529999999999,24.168,outer,7994.789999999999,1.5,0.13063734
0,37,101.49449999999999,24.165,outer,7994.789999999999,1.5,0.13063734
0,38,101.47319999999999,24.1593,outer,7994.789999999999,1.5,0.13063734
0,39,101.44109999999999,24.1503,outer,7994.789999999999,1.5,0.13063734
0,40,101.3982,24.138600000000004,outer,7994.789999999999,1.5,0.13063734
0,41,101.34450000000001,24.1239,outer,7994.789999999999,1.5,0.13063734
0,42,101.28030000000001,24.106500000000004,outer,7994.789999999999,1.5,0.13063734
0,43,101.20530000000001,24.085800000000003,outer,7994.789999999999,1.5,0.13063734
0,44,101.11949999999999,24.062399999999997,outer,7994.789999999999,1.5,0.13063734
0,45,101.0232,24.036,outer,7994.789999999999,1.5,0.13063734
0,46,100.91579999999999,24.0066,outer,7994.789999999999,1.5,0.13063734
0,47,100.7979,23.9742,outer,7994.789999999999,1.5,0.13063734
0,48,100.6695,23.9391,outer,7994.789999999999,1.5,0.13063734
0,49,100.53,23.901,outer,7994.789999999999,1.5,0.13063734
0,50,100.38,23.8599,outer,7994.789999999999,1.5,0.13063734
0,51,100.2192,23.8158,outer,7994.789999999999,1.5,0.13063734
0,52,100.0479,23.769,outer,7994.789999999999,1.5,0.13063734
0,53,99.86580000000001,23.718899999999998,outer,7994.789999999999,1.5,0.13063734
0,54,99.6729,23.6661,outer,7994.789999999999,1.5,0.13063734
0,55,99.4692,23.610599999999998,outer,7994.789999999999,1.5,0.13063734
0,56,99.25469999999999,23.5518,outer,7994.789999999999,1.5,0.13063734
0,57,99.0297,23.490299999999998,outer,7994.789999999999,1.5,0.13063734
0,58,98.79390000000001,23.4255,outer,7994.789999999999,1.5,0.13063734
0,59,98.54760000000002,23.357999999999997,outer,7994.789999999999,1.5,0.13063734
0,60,98.2902,23.2878,outer,7994.789999999999,1.5,0.13063734
0,61,98.0223,23.2143,outer,7994.789999999999,1.5,0.13063734
0,62,97.7439,23.1381,outer,7994.789999999999,1.5,0.13063734
0,63,97.45439999999999,23.0589,outer,7994.789999999999,1.5,0.13063734
0,64,97.1544,22.9767,outer,7994.789999999999,1.5,0.13063734
0,65,96.8436,22.8915,outer,7994.789999999999,1.5,0.13063734
0,66,96.52199999999999,22.803600000000003,outer,7994.789999999999,1.5,0.13063734
0,67,96.1899,22.712699999999998,outer,7994.789999999999,1.5,0.13063734
0,68,95.84700000000001,22.6188,outer,7994.789999999999,1.5,0.13063734
0,69,95.4708,22.511699999999998,outer,7994.789999999999,1.5,0.13063734
0,70,95.0613,22.3914,outer,7994.789999999999,1.5,0.13063734
0,71,94.6185,22.258200000000002,outer,7994.789999999999,1.5,0.13063734
0,72,94.14240000000001,22.1115,outer,7994.789999999999,1.5,0.13063734
0,73,93.633,21.951900000000002,outer,7994.789999999999,1.5,0.13063734
0,74,93.0903,21.779400000000003,outer,7994.789999999999,1.5,0.13063734
0,75,92.5143,21.5934,outer,7994.789999999999,1.5,0.13063734
0,76,91.905,21.3945,outer,7994.789999999999,1.5,0.13063734
0,77,91.2624,21.1821,outer,7994.789999999999,1.5,0.13063734
0,78,90.5865,20.9568,outer,7994.789999999999,1.5,0.13063734
0,79,89.87729999999999,20.718600000000002,outer,7994.789999999999,1.5,0.13063734
0,80,89.1348,20.466900000000003,outer,7994.789999999999,1.5,0.13063734
0,81,88.359,20.2023,outer,7994.789999999999,1.5,0.13063734
0,82,87.5499,19.9242,outer,7994.789999999999,1.5,0.13063734
0,83,86.7075,19.633200000000002,outer,7994.789999999999,1.5,0.13063734
0,84,85.8318,19.3293,outer,7994.789999999999,1.5,0.13063734
0,85,84.9228,19.0119,outer,7994.789999999999,1.5,0.13063734
0,86,83.9805,18.6816,outer,7994.789999999999,1.5,0.13063734
0,87,83.00489999999999,18.337799999999998,outer,7994.789999999999,1.5,0.13063734
0,88,81.99600000000001,17.981099999999998,outer,7994.789999999999,1.5,0.13063734
0,89,80.9538,17.6115,outer,7994.789999999999,1.5,0.13063734
0,90,79.8783,17.2284,outer,7994.789999999999,1.5,0.13063734
0,91,78.7695,16.832099999999997,outer,7994.789999999999,1.5,0.13063734
0,92,77.6277,16.422900000000002,outer,7994.789999999999,1.5,0.13063734
0,93,76.45230000000001,16.0005,outer,7994.789999999999,1.5,0.13063734
0,94,75.2436,15.5649,outer,7994.789999999999,1.5,0.13063734
0,95,74.0016,15.1164,outer,7994.789999999999,1.5,0.13063734
0,96,72.72630000000001,14.6544,outer,7994.789999999999,1.5,0.13063734
0,97,71.4177,14.179499999999999,outer,7994.789999999999,1.5,0.13063734
0,98,70.0761,13.691399999999998,outer,7994.789999999999,1.5,0.13063734
0,99,68.7009,13.190100000000001,outer,7994.789999999999,1.5,0.13063734
0,100,67.2924,12.675899999999999,outer,7994.789999999999,1.5,0.13063734
0,101,65.928,12.177599999999998,outer,7994.789999999999,1.5,0.13063734
0,102,64.60770000000001,11.6952,outer,7994.789999999999,1.5,0.13063734
0,103,63.331199999999995,11.229,outer,7994.789999999999,1.5,0.13063734
0,104,62.0988,10.779,outer,7994.789999999999,1.5,0.13063734
0,105,60.9105,10.3449,outer,7994.789999999999,1.5,0.13063734
0,106,59.766000000000005,9.927,outer,7994.789999999999,1.5,0.13063734
0,107,58.66589999999999,9.5253,outer,7994.789999999999,1.5,0.13063734
0,108,57.6093,9.1395,outer,7994.789999999999,1.5,0.13063734
0,109,56.5971,8.7696,outer,7994.789999999999,1.5,0.13063734
0,110,55.628699999999995,8.4159,outer,7994.789999999999,1.5,0.13063734
0,111,54.7047,8.0784,outer,7994.789999999999,1.5,0.13063734
0,112,53.824200000000005,7.7571,outer,7994.789999999999,1.5,0.13063734
0,113,52.9881,7.451700000000001,outer,7994.789999999999,1.5,0.13063734
0,114,52.19579999999999,7.1622,outer,7994.789999999999,1.5,0.13063734
0,115,51.4476,6.8889,outer,7994.789999999999,1.5,0.13063734
0,116,50.7432,6.6318,outer,7994.789999999999,1.5,0.13063734
0,117,50.083200000000005,6.390599999999999,outer,7994.789999999999,1.5,0.13063734
0,118,49.467,6.1656,outer,7994.789999999999,1.5,0.13063734
0,119,48.89490000000001,5.9565,outer,7994.789999999999,1.5,0.13063734
0,120,48.3666,5.7636,outer,7994.789999999999,1.5,0.13063734
0,121,47.882400000000004,5.5869,outer,7994.789999999999,1.5,0.13063734
0,122,47.4423,5.4261,outer,7994.789999999999,1.5,0.13063734
0,123,47.0463,5.281499999999999,outer,7994.789999999999,1.5,0.13063734
0,124,46.6941,5.1528,outer,7994.789999999999,1.5,0.13063734
0,125,46.385999999999996,5.0403,outer,7994.789999999999,1.5,0.13063734
0,126,46.122,4.944,outer,7994.789999999999,1.5,0.13063734
0,127,45.901799999999994,4.8636,outer,7994.789999999999,1.5,0.13063734
0,128,45.725699999999996,4.799099999999999,outer,7994.789999999999,1.5,0.13063734
0,129,45.5937,4.7511,outer,7994.789999999999,1.5,0.13063734
0,130,45.5058,4.718999999999999,outer,7994.789999999999,1.5,0.13063734
0,131,45.4617,4.7028,outer,7994.789999999999,1.5,0.13063734
0,132,-45.1506,-27.005399999999998,outer,7994.789999999999,1.5,0.13063734
0,133,-49.9842,-20.9958,outer,7994.789999999999,1.5,0.13063734
0,134,40.6281,10.7124,outer,7994.789999999999,1.5,0.13063734
0,135,70.28280000000001,20.6406,outer,7994.789999999999,1.5,0.13063734
0,136,82.5627,27.3033,outer,7994.789999999999,1.5,0.13063734
0,137,75.63900000000001,29.915999999999997,outer,7994.789999999999,1.5,0.13063734
0,138,70.6749,48.98909999999999,outer,7994.789999999999,1.5,0.13063734
0,139,66.75569999999999,48.7278,outer,7994.789999999999,1.5,0.13063734
0,140,65.0574,50.687400000000004,outer,7994.789999999999,1.5,0.13063734
0,141,69.36840000000001,54.2145,outer,7994.789999999999,1.5,0.13063734
0,142,64.7961,69.2379,outer,7994.789999999999,1.5,0.13063734
0,143,56.174099999999996,71.4585,outer,7994.789999999999,1.5,0.13063734
0,144,47.552099999999996,70.6749,outer,7994.789999999999,1.5,0.13063734
0,145,0.0,56.0433,outer,7994.789999999999,1.5,0.13063734
